date,no2,pm25
2015-01-08,26.9687603110625,3.4125
2015-01-09,20.017290199269564,3.9583333333333335
2015-01-10,9.296779637670832,6.408333333333334
2015-01-11,26.2486522874,11.741666666666665
2015-01-12,55.30825889847917,12.520833333333332
2015-01-13,20.54057731658333,5.725
2015-01-14,32.39530432794584,10.533333333333333
2015-01-15,39.83804946225416,9.329166666666666
2015-01-16,55.058979118340915,9.491666666666667
2015-01-17,36.574349415375,8.558333333333334
2015-01-18,12.8471810314625,6.9875
2015-01-19,47.709202861975,9.658333333333333
2015-01-20,49.66608249055417,11.645833333333332
2015-01-21,54.478709656908336,13.120833333333334
2015-01-22,37.420948169381816,7.191666666666666
2015-01-23,45.19215082542917,7.770833333333333
2015-01-24,23.802116553808332,6.6375
2015-01-25,13.005055022404166,4.966666666666667
2015-01-26,22.705152319708333,3.904166666666667
2015-01-27,19.0307724302875,4.1375
2015-01-28,47.00830004852083,8.679166666666667
2015-01-29,10.527812534205,4.05
2015-01-30,14.009354904529166,3.8666666666666667
2015-01-31,37.86059432428333,9.441666666666666
2015-02-01,18.708688524208334,6.2625
2015-02-02,18.334345009875,6.216666666666667
2015-02-03,21.808866236870834,7.629166666666666
2015-02-04,15.331800700741667,6.1375
2015-02-05,18.36746668978636,3.7
2015-02-06,24.38418418460833,3.754166666666667
2015-02-07,8.772835898929166,5.739130434782609
2015-02-08,23.24466076128333,4.775
2015-02-09,18.599792864108334,3.8958333333333335
2015-02-10,22.07576771285,6.333333333333334
2015-02-11,20.3194857451,6.15
2015-02-12,30.48473386523913,5.1625
2015-02-13,30.25779282814583,6.320833333333334
2015-02-14,26.204943180325,5.7
2015-02-15,11.183591805683333,3.4541666666666666
2015-02-16,18.3937995376125,5.25
2015-02-17,22.799133465325,3.845833333333333
2015-02-18,27.087054165058333,4.995833333333333
2015-02-19,33.8555430506,4.758333333333333
2015-02-20,28.364229499983335,4
2015-02-21,19.048411180408333,4.041666666666667
2015-02-22,15.1182804090375,4.495833333333334
2015-02-23,43.903696079441666,6.395833333333334
2015-02-24,26.440276501929166,4.7875
2015-02-25,29.070964609125,6.733333333333333
2015-02-26,49.72865821872608,7.008333333333334
2015-02-27,21.160636717970835,3.4083333333333337
2015-02-28,13.933079709620834,3.3208333333333333
2015-03-01,15.234976129933333,4.2125
2015-03-02,18.261291461475,5.758333333333334
2015-03-03,29.346558107120835,5.8
2015-03-04,39.152031779675,6.583333333333334
2015-03-05,28.093831542682608,3.1695652173913045
2015-03-06,21.895003845016667,5.058333333333334
2015-03-07,13.498423248891667,2.6875
2015-03-08,12.317497610079167,4.575
2015-03-09,24.069945986745832,5.975
2015-03-10,31.4422436623875,6.505
2015-03-11,29.251127884666666,6.2375
2015-03-12,17.374670976608694,6.870833333333334
2015-03-13,15.956333205058334,6.004166666666667
2015-03-14,16.645847958095832,7.758333333333334
2015-03-15,8.566087725983333,5.308333333333334
2015-03-16,15.118267607654166,5.533333333333334
2015-03-17,25.129481769495833,7.745833333333334
2015-03-18,25.912338615933333,9.2125
2015-03-19,15.765486098352174,3.5708333333333333
2015-03-20,20.234766624216668,5.683333333333334
2015-03-21,17.560897738183332,3.6791666666666667
2015-03-22,12.84754866875,1.6708333333333334
2015-03-23,19.1276602815875,3.9916666666666667
2015-03-24,27.731665250304165,6.904166666666667
2015-03-25,26.196723003575,4.5875
2015-03-26,30.0512012099875,4.295833333333333
2015-03-27,22.996366052113043,5.3125
2015-03-28,11.163433860795834,4.154166666666667
2015-03-29,14.810299020483333,2.9625
2015-03-30,23.5063912666375,4.333333333333333
2015-03-31,33.43891959613333,4.958333333333333
2015-04-01,25.859931817158333,8.075
2015-04-02,11.027226622241667,6.254166666666667
2015-04-03,8.8313898110375,5.745833333333334
2015-04-04,20.796688774095834,5.925
2015-04-05,16.279101068525,4.608333333333333
2015-04-06,8.693316572129167,3.2
2015-04-07,20.020920687045834,2.8083333333333336
2015-04-08,20.56687458471739,5.6
2015-04-09,23.236430855304167,5.7875
2015-04-10,18.236577447341666,4.204166666666667
2015-04-11,19.345757845829166,5.6875
2015-04-12,29.999996790370833,7
2015-04-13,33.25386323430417,6.479166666666667
2015-04-14,35.790919523225,6.275
2015-04-15,28.59351190285,6.920833333333333
2015-04-16,37.9674218600875,8.7125
2015-04-17,25.977795693841667,5.820833333333334
2015-04-18,13.717394196545834,3.604166666666667
2015-04-19,13.791557985391666,8.4375
2015-04-20,26.136649580354167,5.4375
2015-04-21,19.240407587333333,5.5166666666666675
2015-04-22,24.031987357883335,3.7083333333333335
2015-04-23,20.270237962347824,5.85
2015-04-24,23.238661177295835,8.116666666666667
2015-04-25,11.034518589654168,9.55
2015-04-26,13.458717725216667,7.4375
2015-04-27,15.783761992658333,8.2
2015-04-28,11.5758725889,5.958333333333334
2015-04-29,29.3912869165125,7.091666666666667
2015-04-30,19.703396098417393,6.1125
2015-05-01,10.055954650870834,6.070833333333334
2015-05-02,18.2086047501375,6.820833333333334
2015-05-03,10.171775957641668,5.554166666666667
2015-05-04,24.190088810633334,6.2375
2015-05-05,30.449006122283336,6.183333333333334
2015-05-06,35.487837631495836,7.483333333333333
2015-05-07,41.10427282927917,6.641666666666667
2015-05-08,35.80257164904783,7.979166666666667
2015-05-09,16.811089078179165,5.366666666666667
2015-05-10,12.057375618616668,5.145833333333334
2015-05-11,21.818204852483333,5.216666666666668
2015-05-12,30.39362546743913,6.816666666666667
2015-05-13,28.222884265279166,5.358333333333334
2015-05-14,4.7696204583625,4.4125
2015-05-15,9.746482345130435,5.895833333333334
2015-05-16,17.229479833758333,6.304166666666667
2015-05-17,14.489688677325,6.145833333333334
2015-05-18,25.281474825775,7
2015-05-19,33.6767652606,6.554166666666667
2015-05-20,22.9587281851375,5.233333333333334
2015-05-21,27.391949962541663,4.729166666666666
2015-05-22,25.305595836586956,4.545833333333333
2015-05-23,10.606435893241667,4.533333333333333
2015-05-24,8.8405614828375,4.804166666666666
2015-05-25,7.910953744545833,4.341666666666667
2015-05-26,23.175888980616666,6.2625
2015-05-27,23.404109100358337,6.6875
2015-05-28,28.416162113075,6.795833333333333
2015-05-29,23.419221226104167,5.1125
2015-05-30,17.926912896295832,5.975
2015-05-31,14.4730921464125,4.241666666666666
2015-06-01,27.494837010183332,4.983333333333333
2015-06-02,27.097503103279166,4.745833333333334
2015-06-03,15.8757483085,5.045833333333334
2015-06-04,26.961128122558332,4.808333333333334
2015-06-05,25.5165882153625,4.925
2015-06-06,11.849339722883334,3.0208333333333335
2015-06-07,7.0298258232125,4.929166666666666
2015-06-08,24.461869762475,4.8375
2015-06-09,27.78762973350435,3.3958333333333335
2015-06-10,33.84936889239584,3.975
2015-06-11,27.787253723029163,4.829166666666667
2015-06-12,19.988231282308334,3.5875
2015-06-13,7.5851749519,3.291666666666667
2015-06-14,14.863734921408334,4.308333333333334
2015-06-15,20.213188458854166,6.325
2015-06-16,17.289455902670834,6.6375
2015-06-17,20.340056973479168,4.683333333333334
2015-06-18,18.114017675695834,5.3875
2015-06-19,14.609673766579165,5.025
2015-06-20,10.308402067391667,4.0875
2015-06-21,12.887450153525,4.954166666666667
2015-06-22,15.667191548195834,6.104166666666667
2015-06-23,32.0876055217913,9.775
2015-06-24,24.7441060090875,13.1125
2015-06-25,18.097060022275,6.933333333333334
2015-06-26,13.850526560654165,4.016666666666667
2015-06-27,16.507567102454168,4.2
2015-06-28,11.308805159129166,3.9833333333333334
2015-06-29,19.905319940258334,4.633333333333333
2015-06-30,20.996019394366666,5.3625
2015-07-01,16.208094273920832,4.9125
2015-07-02,31.050447823645833,6.645833333333334
2015-07-03,12.380590112395833,4.55
2015-07-04,5.424305167508333,3.841666666666667
2015-07-05,6.803744972041667,3.0541666666666667
2015-07-06,18.96383490215417,4.095833333333333
2015-07-07,7.46231654135,4.075
2015-07-08,30.492900560179166,6.254166666666667
2015-07-09,24.43756120689565,9.5125
2015-07-10,13.925910170945832,8.0375
2015-07-11,7.339849333991667,4.641666666666667
2015-07-12,5.181946643095833,4.720833333333333
2015-07-13,12.314799837520834,6.520833333333334
2015-07-14,10.8231179056625,5.820833333333334
2015-07-15,16.8015466084125,6.1416666666666675
2015-07-16,10.1635815758,3.8833333333333333
2015-07-17,22.748182951383335,4.579166666666667
2015-07-18,19.414973693175,5.295833333333334
2015-07-19,16.116461819054166,7.308333333333334
2015-07-20,20.275247622829166,7.441666666666666
2015-07-21,12.271696726291667,6.566666666666667
2015-07-22,21.208106446675,7.970833333333332
2015-07-23,20.998789947345834,7.75
2015-07-24,16.461971760320832,6.283333333333334
2015-07-25,5.173120819179167,5.220833333333334
2015-07-26,23.4081244015,6.116666666666667
2015-07-27,24.882209150391667,4.295833333333333
2015-07-28,21.15703478987391,6.041666666666667
2015-07-29,25.189190371495833,6.608333333333333
2015-07-30,21.748427510320834,8.033333333333333
2015-07-31,24.838258141329163,6.4
2015-08-01,19.423400765979167,4.404166666666667
2015-08-02,18.8863260596875,4.704166666666667
2015-08-03,24.43595374343333,4.9875
2015-08-04,24.4295089356375,4.845833333333333
2015-08-05,33.0190407297125,8.4125
2015-08-06,28.120299758745833,7.233333333333333
2015-08-07,35.7654407616875,8.008333333333333
2015-08-08,29.737090276104166,7.708333333333333
2015-08-09,23.6548880577375,5.7625
2015-08-10,48.269779728,9.945833333333333
2015-08-11,37.72078227312083,7.05
2015-08-12,25.820259079845453,3.0652173913043477
2015-08-13,27.363640998075,4.579166666666667
2015-08-14,31.317890114333334,5
2015-08-15,24.927671528075,5.1625
2015-08-16,29.600750452291667,5.7666666666666675
2015-08-17,42.239925102741665,8.825
2015-08-18,31.862178232895833,7.654166666666667
2015-08-19,42.620877127741664,9.254166666666666
2015-08-20,52.077615401883335,10.654166666666665
2015-08-21,43.7582524737375,8.525
2015-08-22,41.75553780956667,9.4875
2015-08-23,32.60330584732083,11.770833333333332
2015-08-24,30.658670409316663,8.845833333333333
2015-08-25,23.281255164775,4.708333333333333
2015-08-26,27.377794169495836,5.933333333333334
2015-08-27,32.9973170628875,8.341666666666667
2015-08-28,29.572848110725,5.1416666666666675
2015-08-29,17.427527091758332,4.3125
2015-08-30,15.713692858891665,4.608333333333333
2015-08-31,29.915769603241667,5.75
2015-09-01,34.739343580604164,5.5875
2015-09-02,31.8942284490375,4.891666666666667
2015-09-03,35.19111208944583,4.525
2015-09-04,30.90751413349583,4.45
2015-09-05,24.662851727120835,5.154166666666668
2015-09-06,25.789372114091666,5.433333333333334
2015-09-07,38.495779397395836,5.820833333333334
2015-09-08,30.537356154358335,5.320833333333334
2015-09-09,30.15618021409583,6.2
2015-09-10,43.6173843675125,8.7625
2015-09-11,42.6397267986375,10.220833333333333
2015-09-12,27.871206616720833,9.745833333333334
2015-09-13,25.2754367526875,7.2125
2015-09-14,49.95847861325833,12.066666666666666
2015-09-15,49.06448883055,12.025
2015-09-16,45.70961786135,12
2015-09-17,48.916981844679164,11.216666666666667
2015-09-18,51.82327037589167,6.929166666666667
2015-09-19,30.491615387804167,6.654166666666667
2015-09-20,17.988840029379165,4.870833333333334
2015-09-21,38.7998174541087,7.8875
2015-09-22,48.87167098489583,9.704166666666666
2015-09-23,43.14998938068333,8.904166666666667
2015-09-24,50.312287319520834,8.425
2015-09-25,53.19964663424583,9.183333333333334
2015-09-26,27.21055502575,7.145833333333334
2015-09-27,22.79598832719167,6.029166666666667
2015-09-28,37.5396697073875,4.583333333333333
2015-09-29,19.762880446641667,4.275
2015-09-30,28.186572680891665,5.5375
2015-10-01,51.86881651134091,3.6090909090909093
2015-10-02,31.296979433179168,3.5
2015-10-03,24.8222976899375,3.7583333333333333
2015-10-04,26.99455600000833,5.025
2015-10-05,54.13433410234583,9.345833333333333
2015-10-06,70.32686093314167,10.658333333333333
2015-10-07,69.25738746379584,10.575
2015-10-09,59.46315257997084,3.3958333333333335
2015-10-10,28.5908709188625,3.025
2015-10-11,26.09657014590833,3.1333333333333333
2015-10-12,58.150637625870836,6.1125
2015-10-13,47.8890853708875,4.5375
2015-10-14,41.54747597652917,4
2015-10-15,45.228014437391664,4.116666666666666
2015-10-16,42.46100789865417,4.7875
2015-10-17,37.473264793875,4.658333333333333
2015-10-18,31.8158646134375,4.220833333333333
2015-10-19,54.81744131297083,4.516666666666667
2015-10-20,45.47867239322727,3.65
2015-10-21,39.95338475035909,NA
2015-10-22,59.8185109658,NA
2015-10-23,56.791196428375,NA
2015-10-24,14.939099848520833,NA
2015-10-25,21.6965882949,NA
2015-10-26,42.4917512091,NA
2015-10-27,41.40954333885833,NA
2015-10-28,59.20621804427727,NA
2015-10-29,63.19783840815,NA
2015-10-30,63.0015530016125,NA
2015-10-31,37.56569836620417,3.9916666666666667
2015-11-01,13.720290298633333,3.566666666666667
2015-11-02,51.169212388683334,6.625
2015-11-03,39.44825153689583,5.016666666666667
2015-11-04,50.973744003633335,7.395833333333333
2015-11-05,48.41122327914348,6.65
2015-11-06,70.56402060647918,9.2875
2015-11-07,47.42869452620833,5.9875
2015-11-08,17.306194449070833,4.391666666666667
2015-11-09,33.27145788057083,4.316666666666666
2015-11-10,38.982045061775,7.45
2015-11-11,38.18665570500416,7.565
2015-11-12,30.662951399343477,6.1875
2015-11-13,41.37033421372083,6.5625
2015-11-14,31.67628598960833,5.5375
2015-11-15,33.78439400377917,6.558333333333334
2015-11-16,66.35689449630833,10.004166666666666
2015-11-17,67.838482153225,9.133333333333333
2015-11-18,39.045998347983335,6.866666666666667
2015-11-19,39.030978779286364,7.408333333333333
2015-11-20,38.249782727775,5.35
2015-11-21,43.296525925125,7.4875
2015-11-22,32.1336530035625,5.304166666666667
2015-11-23,34.28427945725,3.9916666666666667
2015-11-24,31.876516825295834,3.9375
2015-11-25,72.44394323073334,10.033333333333333
2015-11-26,32.57568053325,1.8791666666666667
2015-11-27,37.11755286539,6.370833333333334
2015-11-28,42.381836891729165,5.55
2015-11-29,30.195821689104164,5.0625
2015-11-30,76.42182100528333,11.354166666666666
2015-12-01,63.75468403093333,9.733333333333334
2015-12-02,57.94861772899565,2.968421052631579
2015-12-03,29.536033949352174,2.9291666666666667
2015-12-04,27.36973436775,4.329166666666667
2015-12-05,32.60179586329166,2.704166666666667
2015-12-06,29.232113909316666,5.2666666666666675
2015-12-07,38.628572395333336,7.2625
2015-12-08,57.74529310025833,7.179166666666667
2015-12-09,50.592559299966666,5.420833333333334
2015-12-10,33.86163109063478,4.729166666666666
2015-12-11,57.707651274566665,6.541666666666667
2015-12-12,37.76470101802083,6.491666666666667
2015-12-13,23.751631943404167,3.625
2015-12-14,38.80882496847083,4.958333333333333
2015-12-15,38.9728760640875,5.879166666666667
2015-12-16,50.544259660754165,6.4875
2015-12-17,89.0893532658,10.766666666666667
2015-12-18,22.526628265322724,2.3875
2015-12-19,37.8139672113,8.129166666666666
2015-12-20,43.27278375745833,5.595833333333334
2015-12-21,67.08147457539583,8.0625
2015-12-22,68.32204426445416,8.620833333333334
2015-12-23,40.94729510540834,4.258333333333333
2015-12-24,11.291438137195833,4.583333333333333
2015-12-25,11.412252816470833,3.7416666666666667
2015-12-26,11.292765008483332,6.295833333333333
2015-12-27,36.34613879652083,6.8875
2015-12-28,35.31928127604583,6.208333333333334
2015-12-29,56.103331744286365,5.945833333333334
2015-12-30,45.887277549316664,7.983333333333333
2015-12-31,31.957727122329164,11.229166666666666
2016-01-01,7.974530059725,9.304166666666667
2016-01-02,42.74465448122083,10.029166666666665
2016-01-03,52.04045508724583,9.025
2016-01-04,36.5052385898,8.733333333333333
2016-01-05,69.11428208035,11.5875
2016-01-06,38.43922133092083,7.166666666666667
2016-01-07,50.57621301227273,15.5625
2016-01-08,61.54208373685833,16.6125
2016-01-09,29.153938343575,7.345833333333333
2016-01-10,33.80094557024583,8.416666666666666
2016-01-11,80.697078154125,14.1
2016-01-12,52.467957653216665,8.758333333333333
2016-01-13,84.35640375195833,15.579166666666666
2016-01-14,61.46533108521818,11.170833333333333
2016-01-15,69.826575874925,12.3
2016-01-16,43.28790644107917,5.9375
2016-01-17,33.2851177040125,5.841666666666667
2016-01-18,51.8794265837125,11.1125
2016-01-19,68.85129890210833,14.720833333333335
2016-01-20,42.78007543415652,7.104545454545455
2016-01-21,34.150203895141665,4.675
2016-01-22,38.83702253345417,3.545
2016-01-23,68.58113294456668,11.373913043478261
2016-01-24,29.75728601257917,3.591304347826087
2016-01-25,50.45981980574583,NA
2016-01-26,33.63291057231667,2.3173913043478263
2016-01-27,47.60547953280833,5.520833333333334
2016-01-28,43.922742720508694,4.552173913043479
2016-01-29,45.678980358191666,4.308333333333334
2016-01-30,35.06825704739167,6.154166666666667
2016-01-31,32.08338548532083,5.091666666666668
2016-02-01,64.65397113427083,7.066666666666666
2016-02-02,64.94444596283333,7.875
2016-02-03,34.055492521575,5.041666666666666
2016-02-04,70.00952598635217,10.670833333333334
2016-02-05,46.55749557376667,5.970833333333334
2016-02-06,59.72031474309583,7.108333333333333
2016-02-07,33.72187185665,6.516666666666667
2016-02-08,50.2272436089125,6.4125
2016-02-09,21.561583157175,4.245833333333334
2016-02-10,65.2414675165125,9.9875
2016-02-11,42.4657557502087,6.570833333333334
2016-02-12,69.10715367779167,9.395833333333332
2016-02-13,55.22883550898333,8.208333333333334
2016-02-14,29.774371275095834,4.866666666666666
2016-02-15,39.235718484466666,5.6875
2016-02-16,49.98860162530416,5.8375
2016-02-17,43.978629922658335,4.958333333333333
2016-02-18,46.843613407269565,NA
2016-02-19,30.884869487583334,2.7583333333333337
2016-02-20,23.415591223104165,3.404166666666667
2016-02-21,14.259595492208334,3.3666666666666667
2016-02-22,58.61715670297083,7.683333333333334
2016-02-23,47.209566052220836,6.5375
2016-02-24,31.7412764424375,8.3625
2016-02-25,66.03444713799566,12.920833333333333
2016-02-26,41.96712208935417,8.6125
2016-02-27,21.41146660127083,7.395833333333333
2016-02-28,23.926931646854165,6.175
2016-02-29,51.065354584495836,4.8625
2016-03-01,60.4830189466375,5.304166666666667
2016-03-02,39.699727040447826,6.108333333333333
2016-03-03,40.93493588966666,8.1
2016-03-04,26.783146058004167,6.904166666666667
2016-03-05,21.454647499179167,6.104166666666667
2016-03-06,35.405146931991666,7.625
2016-03-07,61.5983771460875,8.5625
2016-03-08,35.208468247425,6.520833333333334
2016-03-09,51.93151980628333,8.579166666666667
2016-03-10,58.5573650521,8.670833333333333
2016-03-11,47.18407030838637,5.683333333333334
2016-03-12,31.101212138366666,5.4541666666666675
2016-03-13,29.410767156979166,5.320833333333334
2016-03-14,36.06023369855,6.425
2016-03-15,25.189778493604166,8.229166666666666
2016-03-16,43.7831767646,7.570833333333334
2016-03-17,23.736763173308333,4.341666666666667
2016-03-18,38.355292522526085,5.078260869565217
2016-03-19,41.014072136075,6.8
2016-03-20,34.9807404574125,5.979166666666667
2016-03-21,39.2609712651375,7.195833333333334
2016-03-22,52.292885562,8.375
2016-03-23,21.41585270505,5.258333333333334
2016-03-24,26.9583859514,5.2666666666666675
2016-03-25,26.43408199912083,5.7375
2016-03-26,16.118164189220835,4.008333333333334
2016-03-27,22.9515394326,4.804166666666666
2016-03-28,11.0089228693125,5.575
2016-03-29,30.5429986411875,8.470833333333333
2016-03-30,32.81307477906522,10.695833333333333
2016-03-31,40.42886699594166,5.979166666666667
2016-04-01,43.831291981,7.6875
2016-04-02,49.24657095431666,8.483333333333333
2016-04-03,42.16572102393333,8.7
2016-04-04,54.97183310870834,7.104166666666667
2016-04-05,53.690225625366665,8.404166666666667
2016-04-06,53.45797028407083,7.3
2016-04-07,44.34694984484167,7.308333333333334
2016-04-08,44.535582240765216,7.925
2016-04-09,20.916564956675,7.175
2016-04-10,29.212332491395834,6.258333333333334
2016-04-11,36.665345620845834,4.683333333333334
2016-04-12,36.07561206570417,5.0875
2016-04-13,37.017074167779164,5.2625
2016-04-14,39.52233562265416,5.295833333333334
2016-04-15,46.10333159907619,10.147619047619047
2016-04-16,29.250398978916667,6.65
2016-04-17,25.255959320620832,7.125
2016-04-18,39.78040818730416,8.608333333333333
2016-04-19,34.44379425335417,8.520833333333334
2016-04-20,33.36138293569565,8.895833333333334
2016-04-21,35.10110973832083,NA
2016-04-22,32.48828067452083,4.158333333333333
2016-04-23,18.203505465070833,4.495833333333334
2016-04-24,21.463093542433334,6.254166666666667
2016-04-25,27.98627851815,8.058333333333334
2016-04-26,33.695518255,8.15
2016-04-27,32.583572518891664,7.716666666666667
2016-04-28,41.35909035436957,9.233333333333333
2016-04-29,53.52026296504166,10.595833333333333
2016-04-30,44.0696976696875,9.670833333333334
2016-05-01,39.38877732412083,6.145833333333334
2016-05-02,52.494551925529166,9.7875
2016-05-03,58.216491565158336,11.05
2016-05-04,48.211174181108696,7.15909090909091
2016-05-05,17.62845162575,5.2125
2016-05-06,36.35377045208333,6.504166666666667
2016-05-07,21.897530278754168,7.054166666666667
2016-05-08,16.53905671827083,5.191666666666667
2016-05-09,44.76654519957826,5.2375
2016-05-10,38.533872903420836,5.358333333333334
2016-05-11,40.15527824180416,5.258333333333334
2016-05-12,35.28327009182083,5.233333333333334
2016-05-13,41.845175229141674,6.5125
2016-05-14,30.071662828233332,5.666666666666667
2016-05-15,14.091105568083334,4.858333333333333
2016-05-16,15.954505167341667,3.2625
2016-05-17,16.09658436777083,4.379166666666666
2016-05-18,37.90313776126666,6.116666666666667
2016-05-19,35.0565170048125,6.208333333333334
2016-05-20,23.4177004608,5.008333333333333
2016-05-21,34.0716383547,6.516666666666667
2016-05-22,31.752062868079168,6.583333333333334
2016-05-23,53.5289918895125,8.920833333333333
2016-05-24,35.4583841852875,6.5375
2016-05-25,38.60727914498333,5.933333333333334
2016-05-26,39.02757108417083,6.745833333333334
2016-05-27,41.60768361791667,7.8
2016-05-28,26.525838533241664,7.891666666666667
2016-05-29,15.073918027029166,7.720833333333333
2016-05-30,46.4476269547625,10.995833333333334
2016-05-31,22.39070002845,7.804166666666667
2016-06-01,33.70203909395,5.861904761904762
2016-06-02,27.08569606691304,5.820833333333334
2016-06-03,28.47378545945,5.725
2016-06-04,16.7830220932125,4.825
2016-06-05,22.217055888208332,5.083333333333334
2016-06-06,35.94945300915833,5.575
2016-06-07,34.087467440733334,4.058333333333334
2016-06-08,14.673339779316667,5.275
2016-06-09,12.977406865254167,4.529166666666667
2016-06-10,19.836956197208696,4.775
2016-06-11,19.530473901054165,4.445833333333333
2016-06-12,24.862438004133335,4
2016-06-13,31.770702775516668,4.666666666666667
2016-06-14,36.08936660054583,7.266666666666667
2016-06-15,32.269840809129164,5.7
2016-06-16,21.15697066525238,5.525
2016-06-17,33.05209700045714,6.4
2016-06-18,12.333730616541667,4.095833333333333
2016-06-19,12.768790260220834,4.291666666666667
2016-06-20,27.26134680714583,4.7875
2016-06-21,35.836159091825,7.970833333333332
2016-06-22,31.313745329083336,6.925
2016-06-23,41.4216314916125,10.666666666666666
2016-06-24,32.28560663831739,10.341666666666665
2016-06-25,20.67254108835,6.2041666666666675
2016-06-26,18.001198312741668,4.15
2016-06-27,42.90125166040833,9.616666666666667
2016-06-28,33.49193938842083,9.3625
2016-06-29,38.0222812719,8.695833333333333
2016-06-30,49.8376280993913,8.439130434782609
2016-07-01,46.44781292856667,8.4625
2016-07-02,31.657138084683332,5.95
2016-07-03,21.80523538295,5.491666666666667
2016-07-04,32.99770447684167,7.358333333333333
2016-07-05,29.824870843066666,5.05
2016-07-06,27.039806839816666,5.929166666666667
2016-07-07,36.69351513266522,4.9125
2016-07-08,28.816908132879167,4.854166666666666
2016-07-09,25.467529382554165,4.833333333333333
2016-07-10,18.2601662407875,3.595833333333333
2016-07-11,23.5996744307125,5.154166666666668
2016-07-12,23.412183482558333,7.354166666666667
2016-07-13,25.09355934521304,6.470833333333334
2016-07-14,24.7366638627,5.045833333333334
2016-07-15,18.957664951458334,4.491666666666666
2016-07-16,11.260340804404166,3.325
2016-07-17,18.03187392075417,4.175
2016-07-18,23.797185382975,5.029166666666667
2016-07-19,22.564929864883332,4.895833333333333
2016-07-20,23.630169995125,6.404166666666667
2016-07-21,31.938555986283333,7.616666666666667
2016-07-22,39.97229768691667,9.220833333333333
2016-07-23,28.5079234900125,8.666666666666666
2016-07-24,19.78554421305,4.7875
2016-07-25,24.02080898478182,5.4625
2016-07-26,23.89026114465,6.8125
2016-07-27,20.708692767329165,7.554166666666667
2016-07-28,37.24017224072083,6.854166666666667
2016-07-29,34.07414468794167,8.1
2016-07-30,13.224374558675,4.7
2016-07-31,8.927479506870833,4.379166666666666
2016-08-01,10.667963677995834,4.258333333333333
2016-08-02,30.979406130366666,6.929166666666667
2016-08-03,37.75674307848333,7.975
2016-08-04,28.81197593519167,7.858333333333333
2016-08-05,22.424275147733336,6.041666666666667
2016-08-06,19.7254904436,5.066666666666667
2016-08-07,16.297078102404164,3.1791666666666667
2016-08-08,37.7125191185,6.120833333333334
2016-08-09,27.262261165054166,5.570833333333334
2016-08-10,25.517334988104167,5.6416666666666675
2016-08-11,26.864893600458334,6.1375
2016-08-12,18.828445466058334,5.854166666666667
2016-08-13,9.3281887608,4.866666666666666
2016-08-14,15.905047953554167,5.004166666666666
2016-08-15,39.07313636006667,8.341666666666667
2016-08-16,46.206030886166666,8.025
2016-08-17,39.46141146964167,7.9375
2016-08-18,42.32559392003913,9.133333333333333
2016-08-19,38.564395314479164,7.225
2016-08-20,32.214482154995835,6.9
2016-08-21,18.520511530283333,6.6875
2016-08-22,27.43343803095,5.983333333333333
2016-08-23,31.8131737590625,7.0375
2016-08-24,30.41504070632917,5.545833333333334
2016-08-25,38.45135530842917,7.0625
2016-08-26,32.950268003086954,4.520833333333333
2016-08-27,12.5076742052375,4.5875
2016-08-28,23.6168446211875,4.408333333333333
2016-08-29,33.5879936890375,4.9875
2016-08-30,35.22339955829583,5.8916666666666675
2016-08-31,28.321294657979166,4.225
2016-09-01,26.729203451541665,5.458333333333334
2016-09-02,29.069596191160866,6.195833333333334
2016-09-03,29.4931628050875,5.741666666666667
2016-09-04,23.80210304889583,5.058333333333334
2016-09-05,37.0701999013625,6.779166666666667
2016-09-06,42.50670551037916,5.354166666666667
2016-09-07,47.316245194775,9.1625
2016-09-08,46.13810875551667,8.05
2016-09-09,47.12231621008636,7.455
2016-09-10,30.5347173788125,6.916666666666667
2016-09-11,31.771662508516666,6.504166666666667
2016-09-12,30.369926395125,5.825
2016-09-13,44.292294773145834,7.404166666666667
2016-09-14,41.53957083856667,6.604166666666667
2016-09-15,42.159713323266665,7.266666666666667
2016-09-16,49.83286225816818,8.958333333333334
2016-09-17,28.828569455058332,6.0625
2016-09-18,20.823222073129166,5.979166666666667
2016-09-19,41.8933358827,9.558333333333334
2016-09-20,49.621673668725,9.2375
2016-09-21,48.3692820257125,11.066666666666666
2016-09-22,50.835800176279164,11.55
2016-09-23,49.44130496606667,10.225
2016-09-24,34.390562104666664,6.6
2016-09-25,31.845492096920832,5.720833333333334
2016-09-26,52.08076835010869,11.354166666666666
2016-09-27,56.95612174864583,8.416666666666666
2016-09-28,59.3912055298375,7.991666666666667
2016-09-29,50.3006190942,6.145833333333334
2016-09-30,55.49222435959584,8.020833333333334
2016-10-01,32.260175681920835,6.2375
2016-10-02,20.6882452803875,6.1875
2016-10-03,50.422696728970834,9.0125
2016-10-04,35.70261890522083,6.433333333333334
2016-10-05,35.12106194201667,6.929166666666667
2016-10-06,49.717538395836364,6.127777777777778
2016-10-07,48.9568002313875,7.75
2016-10-08,35.73309839850833,6.329166666666667
2016-10-09,36.18434155470833,7.3625
2016-10-10,45.25821067592916,8.616666666666667
2016-10-12,44.64908013049167,NA
2016-10-13,47.643511768543476,5.283333333333334
2016-10-14,47.203068787575,6.9625
2016-10-15,27.285767476179167,5.283333333333334
2016-10-16,32.281760913379166,6.5625
2016-11-16,37.677339413734785,3.847826086956522
2016-11-17,35.6882659910875,4.658333333333333
2016-11-18,54.58559430744583,6.7375
2016-11-19,22.985453970083334,3.341666666666667
2016-11-20,17.88315588965,4.5875
2016-11-21,64.14311918056364,10.216666666666665
2016-11-22,77.86882345540833,9.225
2016-11-23,46.45977287276667,4.758333333333333
2016-11-24,33.87907340553333,4.125
2016-11-25,60.556186477,2.6772727272727272
2016-11-26,22.5865189591375,5.033333333333333
2016-11-27,25.181690842245832,5.795833333333333
2016-11-28,74.03367898672083,7.141666666666667
2016-11-29,31.112197853933335,1.9260869565217393
2016-11-30,40.69864965233333,5.0375
2016-12-06,33.44046251554166,3.204166666666667
2016-12-07,52.878720600116665,4.883333333333333
2016-12-08,41.865445859491665,4.325
2016-12-09,31.252027676730435,6.970833333333333
2016-12-10,54.0530834261875,8.858333333333333
2016-12-11,39.21511816295833,5.020833333333333
2016-12-12,50.825948911191304,4.895652173913043
2016-12-13,45.45021927720417,4.75
2016-12-14,39.73866613240416,5.875
2016-12-15,35.2549459201,5.295454545454546
2016-12-16,34.7173921348,5.5
2016-12-17,25.82524699925417,4.379166666666666
2016-12-18,22.716437749660866,3.525
2016-12-19,24.425765976620834,3.8782608695652177
2016-12-20,31.498689709320836,5.616666666666667
2016-12-21,25.542344826518182,5.4875
2016-12-22,25.194068713675,3.404166666666667
2016-12-23,30.092445430025,4.570833333333333
2016-12-24,35.6230421235,4.6375
2016-12-25,30.228448731508333,7.0125
2016-12-26,41.76329213134583,5.3375
2016-12-27,42.0541942848875,8.75
2016-12-28,20.41387713759167,3.7291666666666665
2016-12-29,22.841554888158335,5.229166666666667
2016-12-30,22.325434320516667,2.691666666666667
2016-12-31,26.610941025204166,7.883333333333334
2017-01-01,18.386533153366667,8.9125
2017-01-02,49.669354898870836,5.279166666666668
2017-01-03,49.092084333313636,5.952173913043478
2017-01-04,51.87645014936667,8.316666666666666
2017-01-05,19.681410137604168,3.216666666666667
2017-01-06,20.180355411154164,1.775
2017-01-07,30.422548667929167,6.5875
2017-01-08,18.9341790345625,2.9083333333333337
2017-01-09,44.139393937133335,6.570833333333334
2017-01-10,70.60786769679582,6.8875
2017-01-11,67.66002234979545,7.034782608695653
2017-01-12,55.76986479738333,10.3
2017-01-13,26.476939116033336,9.258333333333333
2017-01-14,30.1699736170375,6.85
2017-01-15,47.99195124077083,8.804166666666667
2017-01-16,27.562258081195832,3.9208333333333334
2017-01-17,31.3808871657375,5.0375
2017-01-18,38.0452653547375,4.320833333333333
2017-01-19,30.25465256386087,6.323809523809524
2017-01-20,24.674204801179165,5.920833333333333
2017-01-21,38.4040824630375,6.3875
2017-01-22,60.20986525231667,7.220833333333333
2017-01-23,79.859899161975,10.975
2017-01-24,37.895575951220835,3.5521739130434784
2017-01-25,25.9590849605875,3.9434782608695653
2017-01-26,42.66816219398695,4.9
2017-01-27,17.69994305080417,8.675
2017-01-28,24.7204336654,5.520833333333334
2017-01-29,28.413452470645833,3.5458333333333334
2017-01-30,31.294206852416668,6.508333333333334
2017-01-31,24.8157854301875,4.795833333333333
2017-02-01,30.281235858066665,3.5833333333333335
2017-02-02,30.395766215965217,4.25
2017-02-03,47.61129604064167,5.666666666666667
2017-02-04,70.75546792618333,9.954166666666667
2017-02-05,30.2217877539125,5.379166666666667
2017-02-06,33.619470056025,5.220833333333334
2017-02-07,66.79012476081667,9.4625
2017-02-08,94.70211054471666,13.933333333333334
2017-02-09,98.157307204225,13.358333333333333
2017-02-10,81.81948567032174,9.666666666666666
2017-02-11,26.134815782620834,4.083333333333333
2017-02-12,9.709836732425,6.379166666666667
2017-02-13,20.439878263941665,8.45
2017-02-14,55.3898665951875,8.95
2017-02-15,26.769135559783333,3.1583333333333337
2017-02-16,42.88330669683479,4.078260869565217
2017-02-17,37.00774285483333,4.191666666666666
2017-02-18,35.323240683579165,5.8916666666666675
2017-02-19,28.487208056783334,3.104166666666667
2017-02-20,46.975842066525,5.179166666666667
2017-02-21,46.47396608772083,5.233333333333334
2017-02-22,57.4030765915125,5.9541666666666675
2017-02-23,54.28625006407391,6.4625
2017-02-24,42.31754415093333,8.0375
2017-02-25,57.383062362545836,8.254166666666666
2017-02-26,50.68036198747083,6.829166666666667
2017-02-27,71.84319183947916,7.133333333333334
2017-02-28,54.42001369202083,8.370833333333334
2017-03-01,78.14457121030416,8.591666666666667
2017-03-02,77.01351910038696,9.595454545454546
2017-03-03,59.77390135772083,8.708333333333334
2017-03-04,36.71192294839167,7.775
2017-03-05,26.29720492505,8.079166666666667
2017-03-06,58.251494324341664,9.6
2017-03-07,69.60343474685416,8.104166666666666
2017-03-08,72.3996141625,7.075
2017-03-09,33.077210254413046,5.720833333333334
2017-03-10,33.48031107565,5.370833333333334
2017-03-11,31.874557768929165,4.295833333333333
2017-03-12,36.47953138674583,6.354166666666667
2017-03-13,70.18152796609166,7.0875
2017-03-14,30.243260323170833,2.6458333333333335
2017-03-15,46.52593650025833,6.2875
2017-03-16,37.79264769195652,4.533333333333333
2017-03-17,37.489845457,4.375
2017-03-18,22.872247574145835,6.254166666666667
2017-03-19,25.216727613704165,4.329166666666667
2017-03-20,42.82321750112084,4.675
2017-03-21,36.2225625810625,5.279166666666668
2017-03-22,43.78865032835417,6.225
2017-03-23,29.11183795114091,7.129166666666666
2017-03-24,33.11696024607083,5.045833333333334
2017-03-25,14.821867690408334,3.9791666666666665
2017-03-26,11.0338205973875,8.125
2017-03-27,40.25672491675833,5.466666666666667
2017-03-28,33.39765116035833,4.916666666666666
2017-03-29,39.372903862454166,5.1
2017-03-30,40.525792083230435,3.481818181818182
2017-03-31,33.152399260483335,3.3875
2017-04-01,33.0936051825375,4.85
2017-04-02,25.45921403366667,4.616666666666666
2017-04-03,25.058076162325,3.0583333333333336
2017-04-04,26.848287400791666,4.670833333333333
2017-04-05,44.390606430508335,6.441666666666667
2017-04-06,39.655520731495834,6.2875
2017-04-07,32.49108871043043,5.2041666666666675
2017-04-08,22.954898285475,4.5875
2017-04-09,25.089401507358332,5.466666666666667
2017-04-10,40.20500836318333,5.3625
2017-04-11,34.57465087912083,7.675
2017-04-12,26.542737642045832,7.429166666666667
2017-04-13,5.948554187195833,6.754166666666667
2017-04-14,8.047614432229166,5.758333333333334
2017-04-15,12.505869400791667,7.020833333333334
2017-04-16,22.1994800607125,7.016666666666667
2017-04-17,24.724702213604168,7.366666666666667
2017-04-18,27.91829503635652,5.933333333333334
2017-04-19,33.5998813563875,4.220833333333333
2017-04-20,30.987556546775,3.2416666666666667
2017-04-21,37.2199394219,6.6
2017-04-22,20.442140107066663,5.895833333333334
2017-04-23,19.287344300991666,8.675
2017-04-24,34.48777215222916,8.541666666666666
2017-04-25,39.80362413255416,8.254166666666666
2017-04-26,35.47430913325417,7.404166666666667
2017-04-27,30.611575839678263,8.543478260869565
2017-04-28,45.1718248507375,10.179166666666667
2017-04-29,30.098340611775,7.283333333333333
2017-04-30,18.789832550533333,5.008333333333333
2017-05-01,27.2372728122625,5.883333333333334
2017-05-02,32.757049619125,7.454166666666667
2017-05-03,31.572771947008334,6.858333333333333
2017-05-04,22.21934778463913,3.7291666666666665
2017-05-05,21.3814019209625,5.020833333333333
2017-05-06,17.912262612254167,5.566666666666667
2017-05-07,7.812412237279166,5.354166666666667
2017-05-08,17.4562576279875,5.608333333333334
2017-05-09,25.123768746175,5.9625
2017-06-21,20.4150382803625,5.1125
2017-06-22,18.42337944305,4.933333333333334
2017-06-23,13.3313386453875,5.004166666666666
2017-06-24,14.693205537170833,5.425
2017-06-25,23.38862610956667,6.475
2017-06-26,28.52813037467083,8.204166666666667
2017-06-27,23.031085588704165,9.020833333333334
2017-06-28,26.896707558095834,5.429166666666667
2017-06-29,27.418098950282605,5.566666666666667
2017-07-04,22.9739057150125,5.179166666666667
2017-07-05,19.335976030969565,5.616666666666667
2017-07-06,29.133677254433334,5.4875
2017-07-07,22.471258581675,5.2875
2017-07-08,20.298581705841666,5.745833333333334
2017-07-09,23.956758009254166,6.9875
2017-07-10,32.755548469475,10.204166666666667
2017-07-11,30.101585234283334,7.217391304347827
2017-07-12,34.92533038390417,7.925
2017-07-13,18.621682117665216,6.154166666666667
2017-07-14,19.026736150870835,4.775
2017-07-15,15.389972110075,5.466666666666667
2017-07-16,16.702300010454167,6.554166666666667
2017-07-17,31.524129536516664,7.054166666666667
2017-07-18,33.966442215125,8.341666666666667
2017-07-19,27.2186330354875,7.2
2017-07-20,26.236943372154165,5.441666666666667
2017-07-21,32.6916075437125,7.5375
2017-07-22,23.6662045404375,8.466666666666667
2017-07-23,22.422360142558333,7.9125
2017-07-24,31.8479763029125,12.5625
2017-07-25,19.45662047355833,7.4375
2017-07-26,17.1598465052,5.720833333333334
2017-07-27,16.62794936335,5.9875
2017-07-28,17.746716917929167,6.470833333333334
2017-07-29,10.407055853683334,6.445833333333334
2017-07-30,17.6138804635375,5.8291666666666675
2017-07-31,16.266310684904166,4.925
2017-08-01,28.161186791695833,7.8125
2017-08-02,38.483165125530434,6.263636363636364
2017-08-03,35.30224638455417,6.729166666666667
2017-08-04,21.006416389229166,7.625
2017-08-05,24.33617168499583,6.454166666666667
2017-08-06,22.795423229675,7.958333333333333
2017-08-07,27.394836655121736,7.6625
2017-08-08,21.76331407741667,6.1875
2017-08-09,32.200783286383334,5.775
2017-08-10,36.256932360166665,7.675
2017-08-11,28.47943781730833,4.779166666666667
2017-08-12,20.248863251108332,5.1125
2017-08-13,24.454958247270834,5.179166666666667
2017-08-14,17.8401225490625,5.395833333333334
2017-08-15,32.03333159255833,6.383333333333334
2017-08-16,44.808957284375,8.195833333333333
2017-08-17,34.076306824091304,6.95909090909091
2017-08-18,36.9818421234125,7.0625
2017-08-19,23.328512777220833,7.35
2017-08-20,17.357474954025,4.920833333333333
2017-08-21,28.91992087065,5.975
2017-08-22,33.92783565539167,5.554166666666667
2017-08-23,30.5400124661125,5.758333333333334
2017-08-24,23.838501150282607,4.816666666666666
2017-08-25,14.578115241058333,3.9833333333333334
2017-08-26,22.19610318835417,5.783333333333334
2017-08-27,28.61815903562083,5.733333333333333
2017-08-28,40.21997692473334,6.8625
2017-08-29,36.422135291129166,7.241666666666667
2017-08-30,22.48615811712083,5.0875
2017-08-31,26.1671898276625,8.1
2017-09-05,49.96338365202084,9.570833333333333
2017-09-06,52.831336883845836,9.408333333333333
2017-09-07,41.74313587412174,7.6863636363636365
2017-09-08,43.57348257299167,9.404166666666667
2017-09-09,28.206247914304168,6.620833333333334
2017-09-10,22.199865063783335,3.3041666666666667
2017-09-11,37.43912161134166,6.9625
2017-09-12,51.88692635117916,9.4125
2017-09-13,38.564954520358334,5.883333333333334
2017-09-14,42.1357163738125,7.954166666666667
2017-09-15,11.517545886443479,2.8434782608695657
2017-09-16,18.853652839958333,5.045454545454546
2017-09-17,14.771574492954167,3.6375
2017-09-18,39.562354747475,7.7125
2017-09-19,37.44199152642083,7.016666666666667
2017-09-20,41.30637467060833,8.8625
2017-09-21,26.235327638169565,4.50909090909091
2017-09-22,40.38276741785,7.704166666666667
2017-09-23,31.340903582466666,7.466666666666667
2017-09-24,33.680605385795836,8.179166666666667
2017-09-25,48.71002052937917,11.85
2017-09-26,39.476514464654166,10.966666666666667
2017-09-27,39.303630414825,12.158333333333333
2017-09-28,44.12508993088182,13.9375
2017-09-29,42.56073026427083,9.666666666666666
2017-09-30,45.7450276121125,13.5625
2017-10-01,42.20758405466667,8.85
2017-10-02,22.283513657725,5.725
2017-10-03,21.497894546691665,5.670833333333334
2017-10-04,40.6997270410826,7.466666666666667
2017-10-05,50.013540143345836,10.545833333333334
2017-10-06,38.03415720370417,8.433333333333334
2017-10-07,26.387927055175,5.733333333333333
2017-10-08,21.621945346041667,6.3
2017-10-09,41.06710334215833,7.808333333333334
2017-10-10,46.68457011357916,6.916666666666667
2017-10-11,34.465603454604164,5.7625
2017-10-12,36.46523439478261,6.908333333333333
2017-10-13,39.821238499141664,6.86
2017-10-14,10.229909459554166,4.8375
2017-10-15,14.589907814291665,4.141666666666667
2017-10-16,33.08575850086667,4.845833333333333
2017-10-17,30.22806100622083,4.85
2017-10-18,29.396050876329166,6.0625
2017-10-19,43.68843551807391,7.258333333333334
2017-10-20,26.892620937075,4.766666666666667
2017-10-21,25.271599223541664,6.045833333333333
2017-10-22,35.10998173810833,6.029166666666667
2017-10-23,40.2433361242625,7.383333333333334
2017-10-24,42.53829214057083,5.783333333333334
2017-10-25,48.1078595453625,7.175
2017-10-26,20.49729362298261,4.591666666666667
2017-10-27,24.376055262883334,2.9708333333333337
2017-10-28,30.262042951425,5.795833333333333
2017-10-29,30.100863186583332,5.904166666666667
2017-10-30,39.24014158185833,5.120833333333334
2017-10-31,54.16181092037083,6.091666666666667
2017-11-01,47.930017225875,4.670833333333333
2017-11-02,24.7539363530875,6.145833333333334
2017-11-03,24.7219137629,2.2736842105263158
2017-11-04,19.950692865570833,4.229166666666667
2017-11-05,50.3669855517,8.720833333333333
2017-11-06,52.7208483116,6.366666666666667
2017-11-07,56.898997238295834,9.258333333333333
2017-11-08,26.94943488250833,3.1875
2017-11-09,29.114114941147825,3.2583333333333333
2017-11-10,32.778937675525,5.020833333333333
2017-11-11,12.8834131768875,5.133333333333334
2017-11-12,24.8999431580625,6.375
2017-11-13,39.9453563472875,5.941666666666667
2017-11-14,28.69279808538333,4.0375
2017-11-15,51.597259417845834,7.145833333333334
2017-11-16,58.71074876933478,7.204166666666667
2017-11-17,66.10528059401666,9.9
2017-11-18,47.69113233227083,9.929166666666667
2017-11-19,41.6815525167625,10.5
2017-11-20,51.01447735148333,8.229166666666666
2017-11-21,24.573143993979166,4.9625
2017-11-22,25.491808384325,4.8375
2017-11-23,19.56016378846087,2.775
2017-11-24,37.2750798616875,7.591666666666667
2017-11-25,26.917468195341666,4.770833333333333
2017-11-26,11.764697060583332,3.575
2017-11-27,42.27346125358333,6.2375
2017-11-28,41.52881491985,3.947619047619048
2017-11-30,32.215071517829166,3.066666666666667
2017-12-01,23.845933371395,1.0681818181818183
2017-12-02,36.31260658099167,4.233333333333333
2017-12-03,22.341831699745835,4.491666666666666
2017-12-04,27.205049501816667,2.904166666666667
2017-12-05,46.795063814095826,6.216666666666667
2017-12-06,42.53714460406667,4.595833333333333
2017-12-07,56.905451429508695,6.579166666666667
2017-12-08,24.1931398132125,3.8583333333333334
2017-12-09,46.484889010625,8.316666666666666
2017-12-10,36.75268355855833,5.920833333333333
2017-12-11,30.77901188017917,4.945833333333333
2017-12-12,34.20283102995,4.304166666666666
2017-12-13,52.32176000949166,6.1875
2017-12-14,35.70116186852917,5.416666666666667
2017-12-15,48.087649471191305,7.220833333333333
2017-12-16,15.654230489479167,5.820833333333334
2017-12-17,18.157577659920833,4.433333333333334
2017-12-18,37.65109802485,5.9625
2017-12-19,17.562064881375,2.756521739130435
2017-12-20,22.934331919320837,6.370833333333334
2017-12-21,28.15114996474091,4.5625
2017-12-22,31.30109284645,4.395833333333333
2017-12-23,27.13820816099583,3.7041666666666666
2017-12-24,25.627397874125,5.425
2017-12-25,44.56966239113333,9.1375
2017-12-26,26.5735913392,6.695833333333334
2017-12-27,39.1103670826375,6.616666666666667
2017-12-28,33.0742969980375,6.616666666666667
2017-12-29,58.876132851625,9.5
2017-12-30,13.0011455406375,4.65
2017-12-31,16.17195438679167,4.4625
2018-01-01,34.302813936120835,11.8125
2018-01-02,68.877726596725,10.3625
2018-01-03,41.226090450866664,6.991666666666667
2018-01-04,49.59679389877917,NA
2018-01-05,52.29999627432084,3.604545454545455
2018-01-06,31.22766103438333,4.041666666666667
2018-01-07,20.807632962454168,3.8708333333333336
2018-01-08,22.612775052520835,6.283333333333334
2018-01-09,28.90636047172083,4.783333333333333
2018-01-10,57.1830312982625,7.725
2018-01-11,58.678560080547825,NA
2018-01-12,30.152403346041666,NA
2018-01-13,15.083532024495833,NA
2018-01-14,13.226249062604166,NA
2018-01-15,26.3422784196,NA
2018-01-16,22.171736065133334,5.533333333333334
2018-01-17,21.641547947639133,6.891666666666667
2018-01-18,22.16990832680435,8.127272727272727
2018-01-19,58.63207960662083,10.216666666666665
2018-01-20,36.095726055758334,9.45
2018-01-21,27.829511199925,8.291666666666666
2018-01-22,20.789733514345833,6.7875
2018-01-23,66.7352531790375,13.891666666666666
2018-01-24,78.84959180795,11.945833333333335
2018-01-25,50.626725401934785,10.920833333333334
2018-01-26,51.061522967245836,13.141666666666666
2018-01-27,38.71415125597083,9.666666666666666
2018-01-28,52.22847129791667,8.983333333333333
2018-01-29,80.17773507409584,10.7
2018-01-30,75.103313012925,10.5875
2018-01-31,74.27490918074348,10.679166666666667
2018-02-01,60.01157508465217,10.225
2018-02-02,80.10438741855,11.241666666666665
2018-02-03,40.19206761807083,7
2018-02-04,11.133437763675,5.591666666666667
2018-02-05,19.330725556079166,5.3
2018-02-06,33.31336611469167,3.816666666666667
2018-02-07,16.385438224441668,5.0875
2018-02-08,17.847886764856522,4.316666666666666
2018-02-09,37.10027558627917,5.691666666666667
2018-02-10,16.325213966220833,4.708333333333333
2018-02-11,42.8364204987625,8.45
2018-02-12,46.53233574635,7.179166666666667
2018-02-13,18.425131335891667,8.925
2018-02-14,56.97229709015217,8.720833333333333
2018-02-15,74.04647685760416,10.670833333333334
2018-03-10,57.388078935704165,10.4875
2018-03-11,26.95460455865,8.65
2018-03-12,67.69776398557083,10
2018-03-13,57.86644939819167,8.7
2018-03-14,74.80834604925833,10.175
2018-03-15,57.60899725157391,8.125
2018-03-16,27.1610072758875,4.3125
2018-03-17,15.572852219416665,2.4541666666666666
2018-03-18,20.246035756675,3.629166666666667
2018-03-19,39.76701613834584,8.254166666666666
2018-03-20,45.99905651440833,6.170833333333333
2018-03-21,35.54560089873333,5.0625
2018-03-24,24.856572132841666,6.579166666666667
2018-03-25,16.933344134229166,6.270833333333334
2018-03-26,33.2392659277875,6.2375
2018-03-27,42.83604248255833,5.382608695652174
2018-03-28,31.847177730804166,4.258333333333333
2018-03-29,19.562090818895832,5.3125
2018-03-30,16.091106170758334,3.6083333333333334
2018-03-31,14.3547487296625,3.904166666666667
2018-04-01,14.931005607404167,4.2125
2018-04-02,36.510184468958336,5.625
2018-04-03,55.713540473145834,7.733333333333333
2018-04-04,59.01016109048261,6.279166666666667
2018-04-05,39.326580011191666,5.8125
2018-04-06,37.0110464734,5.5125
2018-04-07,22.70385744475833,6.316666666666667
2018-04-08,17.977043236820833,4.283333333333333
2018-04-09,41.97980050784583,6.4
2018-04-10,26.654679332075,5.175
2018-04-11,27.8652299693875,4.8375
2018-04-12,53.67326227596818,7.978260869565218
2018-04-13,76.03634400788636,7.923809523809523
2018-04-14,37.678534418029166,7.9375
2018-04-15,38.4980969045375,6.933333333333334
2018-04-16,50.931885193786954,7.345
2018-04-17,72.2572464310625,9.658333333333333
2018-04-18,52.90103714180833,7.225
2018-04-19,48.44662641334584,6.066666666666667
2018-04-20,50.69457374082083,5.1625
2018-04-21,29.9059756485,5.629166666666667
2018-04-22,17.464911125641667,8.566666666666666
2018-04-23,41.2492761976625,9.370833333333334
2018-04-24,49.28891121857083,5.433333333333334
2018-04-25,37.08274459861305,4.916666666666666
2018-04-26,37.55363887602917,7.925
2018-04-27,23.359021061258332,4.883333333333333
2018-04-28,8.028307503891666,4.325
2018-04-29,15.032590623608332,6.220833333333334
2018-04-30,38.12749428935,8.616666666666667
2018-05-01,26.132112381754165,6.541666666666667
2018-05-02,26.046575462295653,8.520833333333334
2018-05-03,24.824573133729167,11.313636363636363
2018-05-04,34.29233284145,8.304166666666667
2018-05-05,20.508737345404167,4.341666666666667
2018-05-06,10.484951969445833,5.058333333333334
2018-05-07,33.07662397940417,6.460869565217392
2018-05-08,32.21882970843333,8.558333333333334
2018-05-09,33.921528346321736,9.241666666666667
2018-05-10,40.14308117885416,10.4625
2018-05-11,34.92730673350833,8.379166666666666
2018-05-12,28.946338624958333,6.133333333333334
2018-05-13,39.141018287983336,7.6375
2018-05-14,57.94827524085,9.620833333333334
2018-05-15,47.403609306404164,8.279166666666667
2018-05-16,38.44135604339565,8.479166666666666
2018-05-17,13.7027519302625,5.9625
2018-05-18,16.673623074625,4.354166666666667
2018-05-19,8.718281614754167,6.066666666666667
2018-05-20,8.936172704091666,5.7625
2018-05-21,11.9419076263,5.620833333333334
2018-05-22,24.63435505425,5.045833333333334
2018-05-23,26.02447879343182,5.866666666666667
2018-05-24,24.7674662377625,4.8375
2018-05-25,20.523625646845833,6.5375
2018-05-26,14.468913073575,6.0875
2018-05-27,12.003597196941666,5.820833333333334
2018-05-28,36.511986081770836,7.795833333333333
2018-05-29,24.6909045059375,7.275
2018-05-30,20.24504270072174,5.9875
2018-05-31,42.393343146870826,7.766666666666667
2018-06-01,18.778756594020834,4.733333333333333
2018-06-02,13.327023867258333,3.441666666666667
2018-06-03,12.927677346391667,2.816666666666667
2018-06-04,23.387325730791666,5.0125
2018-06-05,24.8459351743125,5.2666666666666675
2018-06-06,26.08055763207826,4.370833333333334
2018-06-07,30.2776314927125,5.366666666666667
2018-06-08,29.024478639383336,5.3625
2018-06-09,19.579822068804166,4.466666666666667
2018-06-10,16.419253282829168,3.8708333333333336
2018-06-11,26.67278565609583,4.633333333333333
2018-06-12,20.8895988582375,4.8
2018-06-13,29.09793304863043,5.4125
2018-06-14,40.680386378291665,6.3875
2018-06-20,32.49618985488696,5.6625
2018-06-21,34.025771890929164,6.325
2018-06-23,24.855286020704167,5.7375
2018-06-24,15.948775403418182,5.254166666666667
2018-07-12,17.646704867283333,8.175
2018-07-13,18.219361438158334,7.245833333333334
2018-07-14,17.0926136855375,5.208333333333334
2018-07-15,17.31471413325,5.895833333333334
2018-07-16,24.694324713541665,6.7625
2018-07-17,30.7065403054875,8.829166666666667
2018-07-18,27.199363502765216,7.895833333333333
2018-07-19,21.6816673154125,9.570833333333333
2018-07-20,26.307292413570835,7.029166666666667
2018-07-21,26.994527191541668,8.291666666666666
2018-07-22,14.033130065429166,6.2
2018-07-23,22.0638959920125,10.6375
2018-07-24,27.8062726917,11.608333333333333
2018-07-25,29.03107562108261,7.322727272727273
2018-07-26,21.6021565009125,7.35
2018-07-27,23.20225825261667,7.308333333333334
2018-07-28,19.776031140033332,7.266666666666667
2018-07-29,25.509411075579166,9.145833333333332
2018-07-30,49.521486182304166,15.041666666666666
2018-07-31,34.89303530639167,11.175
2018-08-01,32.08972501705652,11.07391304347826
2018-08-02,15.997861267458333,5.377272727272728
2018-08-03,25.730703716375,6.633333333333334
2018-08-04,16.0081642413125,5.5375
2018-08-05,12.642058107383333,3.3041666666666667
2018-08-06,21.834040170279163,4.758333333333333
2018-08-07,23.086862084008335,5.325
2018-08-08,20.19588478624348,5.133333333333334
2018-08-09,31.912291262079165,7.1875
2018-08-10,15.227167953658334,5
2018-08-11,23.1811359734125,5.6875
2018-08-12,10.9432569112375,4.229166666666667
2018-08-13,26.334438731654167,5.133333333333334
2018-08-14,24.625494681854164,6.133333333333334
2018-08-15,28.090210070443476,6.381818181818182
2018-08-16,36.546592441929164,7.1875
2018-08-17,32.88082727507917,5.826086956521739
2018-08-18,22.652967582133336,5
2018-08-19,21.827877244045833,5.133333333333334
2018-08-20,25.9111585932125,4.983333333333333
2018-08-21,23.896868877622726,4.866666666666666
2018-08-22,29.174810899883333,4.279166666666667
2018-08-23,33.49427193957083,6.566666666666667
2018-08-24,31.393848182566668,6.0125
2018-08-25,20.90178672144583,5.229166666666667
2018-08-26,14.528154451533332,4.8
2018-08-27,25.6381450115875,5.558333333333334
2018-08-28,27.394805164858333,6.0625
2018-08-29,39.930957738077275,8.354166666666666
2018-08-30,30.6229249217625,7.4625
2018-08-31,32.32759104504583,6.458333333333334
2018-09-01,26.269590098991667,5.283333333333334
2018-09-02,11.70206913975,4.508333333333333
2018-09-03,22.199827722541663,6.329166666666667
2018-09-04,30.65832692738333,6.5
2018-09-07,30.993523179229165,7.15
2018-09-08,21.742385580004164,6.5875
2018-09-09,24.622647305525,5.75
2018-09-10,42.91950862866666,9.4625
2018-09-11,55.1286740296875,7.5875
2018-09-12,35.89461128704091,6.454166666666667
2018-09-13,38.886253782266664,6.929166666666667
2018-09-14,38.238311849925,6.329166666666667
2018-09-15,20.0599765568375,4.9875
2018-09-16,16.234765610095835,4.729166666666666
2018-09-17,35.96480181943333,5.720833333333334
2018-09-18,34.174523589875,6.858333333333333
2018-09-19,33.12330888048636,5.779166666666667
2018-09-20,38.7727713895625,4.9875
2018-09-21,21.049768429575,5.4625
2018-09-22,19.15969568999167,3.2875
2018-09-23,12.016983807104166,4.645833333333333
2018-09-24,23.540786566145833,6.233333333333333
2018-09-25,20.0012645711875,3.6125
2018-09-26,22.847685263986957,4.475
2018-09-27,38.727498926775,6.675
2018-09-28,35.613779617925,5.1625
2018-09-29,18.088325518408332,2.9833333333333334
2018-09-30,33.04026451150417,6.15
2018-10-01,20.357309152066666,5.3375
2018-10-02,17.800643783283334,5.008333333333333
2018-10-03,36.62737456981304,5.741666666666667
2018-10-04,34.1061608435375,4.35
2018-10-05,52.21700210832917,8.2
2018-10-06,20.73674209802917,5.491666666666667
2018-10-07,13.616610374845834,3.779166666666667
2018-10-08,31.29334433582083,5.125
2018-10-09,18.60229349189167,4.225
2018-10-10,30.676937371857143,7.391666666666667
2018-10-11,25.830100897304167,6.416666666666667
2018-10-12,53.862499171095834,8.466666666666667
2018-10-13,22.38412536794583,5.125
2018-10-14,28.672565086291666,7.104166666666667
2018-10-15,27.92590693574167,5.475
2018-10-16,28.2971738204125,5.25
2018-10-17,33.899008460454546,5.352380952380953
2018-10-18,25.415045772991665,5.316666666666667
2018-10-19,36.1614658790125,6.158333333333334
2018-10-20,15.218619637975,2.8958333333333335
2018-10-21,9.854709226975,3.7916666666666665
2018-10-22,17.692151876779164,4.6125
2018-10-23,48.45141029875833,8.295833333333333
2018-10-24,66.59661839396364,11.483333333333333
2018-10-25,68.77159360851667,10.258333333333333
2018-10-26,64.42140254439583,11.35
2018-10-27,30.204592229191665,5.816666666666667
2018-10-28,22.451710525366668,4.333333333333333
2018-10-29,33.86164882351667,6.0166666666666675
2018-10-30,43.8033188715625,5.616666666666667
2018-10-31,44.827402342695656,6.508333333333334
2018-11-01,44.2818078880625,8.145833333333334
2018-11-02,70.275963354625,8.316666666666666
2018-11-03,30.613213748454164,5.520833333333334
2018-11-04,12.048347398675,3.6333333333333333
2018-11-05,19.693374078945833,5.0375
2018-11-06,40.27037065562084,6.233333333333333
2018-11-07,61.58069837872857,10.4375
2018-11-08,55.08176968555,8.6625
2018-11-09,45.807952124608335,7.995833333333334
2018-11-10,26.919369375091666,5.158333333333334
2018-11-11,33.53384943269583,6.129166666666667
2018-11-12,43.35438915840834,7.4
2018-11-13,20.660225573945834,4.579166666666667
2018-11-14,26.201363092577274,4.1625
2018-11-15,22.631628796320832,7.420833333333333
2018-11-16,20.886493281108333,6.5875
2018-11-17,25.6022540743875,8.116666666666667
2018-11-18,21.156104706566666,4.020833333333333
2018-11-19,20.667276705529165,4.5375
2018-11-20,44.406392146466665,7.641666666666667
2018-11-21,24.664973886904544,8.6
2018-11-22,30.082828214029167,5.583333333333334
2018-11-23,17.4170275583875,5.0125
2018-11-24,28.122907017408334,6.1
2018-11-25,20.952182315191664,4.204166666666667
2018-11-26,42.99408733291666,6.4375
2018-11-27,26.984740521741664,3.816666666666667
2018-11-29,44.78140819317083,4.25
2018-11-30,47.5677250656625,6.1125
2018-12-01,43.19240938470417,6.725
2018-12-02,22.037392649929167,4.079166666666667
2018-12-03,29.61993139645,4.55
2018-12-04,21.845823611345832,5.379166666666667
2018-12-05,31.433498309543477,4.908333333333333
2018-12-06,43.66092196915,5.133333333333334
2018-12-07,39.07899535675,4.158333333333333
2018-12-08,50.316356517466666,8.295833333333333
2018-12-09,24.571008913329166,5.191666666666667
2018-12-10,44.24421181114584,7.958333333333333
2018-12-11,36.44664083475416,5.85
2018-12-12,27.2238753083,4.354166666666667
2018-12-13,22.022042898654167,4.425
2018-12-14,24.295637754658333,4.679166666666666
2018-12-15,22.1735933339,4.858333333333333
2018-12-16,26.145516441470832,5.375
2018-12-17,56.16529986144584,10.529166666666665
2018-12-18,74.98957973159582,10.829166666666667
2018-12-19,56.95545054000434,9.241666666666667
2018-12-20,69.48977158627916,11.35
2018-12-21,37.18642414146667,5.845833333333334
2018-12-22,10.686789221541666,5.3375
2018-12-23,17.350930419704166,4.5625
2018-12-24,27.825157545395832,4.554166666666666
2018-12-25,19.1089868161125,4.445833333333333
2018-12-26,25.288825062333334,5.6
2018-12-27,60.23829027265833,7.545833333333333
2018-12-28,27.397547767508694,3.691666666666667
2018-12-29,9.741618557229167,4.316666666666666
2018-12-30,20.481655834254166,4.570833333333333
2018-12-31,41.232588028983336,8.191666666666666
2019-01-01,14.42516368285,10.820833333333333
2019-01-02,48.92135301366667,6.345833333333334
2019-01-03,38.112755769395456,4.8625
2019-01-04,51.295527491133335,6.266666666666667
2019-01-05,18.410244657758334,3.7458333333333336
2019-01-06,17.0345918728125,4.375
2019-01-07,23.1481453872,3.0708333333333337
2019-01-08,37.91641954676667,6.129166666666667
2019-01-09,43.931810436204344,4.654166666666667
2019-01-10,19.0007231901125,0.6541666666666668
2019-01-11,18.47070170283333,7.095833333333333
2019-01-12,22.203974167583336,4.529166666666667
2019-01-13,45.868960200591665,6.554166666666667
2019-01-14,69.71555632547084,8.020833333333334
2019-01-15,40.66038340916667,5.933333333333334
2019-01-16,46.92418671834545,5.779166666666667
2019-01-17,36.471237956975,5.608333333333334
2019-01-18,36.012135388879166,7.541666666666667
2019-01-19,42.11614047845417,9.229166666666666
2019-01-20,19.47776663162083,5.2
2019-01-21,47.53999884517916,5.658333333333334
2019-01-22,39.7455218859875,5.904166666666667
2019-01-23,73.0606772257,13.104166666666668
2019-01-24,87.10847246998333,13.816666666666666
2019-01-25,18.592294159633333,4.225
2019-01-26,23.22911063495,5.5166666666666675
2019-01-27,20.97762685305,5.570833333333334
2019-01-28,62.8074106268375,12.75
2019-01-29,35.44526878012917,6.720833333333333
2019-01-30,65.50025880302273,13.045833333333333
2019-01-31,70.7847497039,15.366666666666667
2019-02-01,82.68587965879166,12.508333333333335
2019-02-02,49.46442786909167,10.720833333333333
2019-02-03,12.663013911270832,6.0625
2019-02-04,56.1447859183625,11.241666666666665
2019-02-05,46.97384633408333,8.9375
2019-02-06,27.464549406354543,4.836363636363636
2019-02-07,24.26480866935,4.408333333333333
2019-02-08,82.67615149057917,14.458333333333334
2019-02-09,69.1556554835,10.854166666666666
2019-02-10,40.40810081300833,5.475
2019-02-11,22.248551309925,4.8375
2019-02-12,34.93256647088333,4.791666666666666
2019-02-13,52.53958171101818,5.495238095238095
2019-02-14,26.567513013465216,2.268181818181818
2019-02-15,46.0186409343875,6.470833333333334
2019-02-16,19.556503752779168,4.045833333333333
2019-02-17,38.79243847474583,7.729166666666667
2019-02-18,55.3993816342625,4.654166666666667
2019-02-19,15.834342968554168,4.533333333333333
2019-02-20,46.28260203075,7.254166666666666
2019-02-21,21.788845196233332,4.725
2019-02-22,17.411508480025,2.9333333333333336
2019-02-23,13.749733818470833,5.5125
2019-02-24,15.511525598266665,4.791666666666666
2019-02-25,40.316040543408334,5.754166666666667
2019-02-26,31.71402020338333,3.1708333333333334
2019-02-27,16.582146365495237,4.495833333333334
2019-02-28,38.10751591166667,5.95
2019-03-01,37.30503696864583,4.895833333333333
2019-03-02,28.994336218129167,6.125
2019-03-03,9.714007618908333,3.4833333333333334
2019-03-04,25.632773927233334,6.033333333333334
2019-03-05,30.33864561977083,4.366666666666666
2019-03-06,33.09168614766364,5.895833333333334
2019-03-07,57.395132809375,6.975
2019-03-08,46.68963061049166,5.170833333333334
2019-03-09,7.49508017155,4.729166666666666
2019-03-10,38.240571985475,6.866666666666667
2019-03-11,26.359172417379167,5.3875
2019-03-12,43.6013000549,6.025
2019-03-13,61.499991180095655,5.533333333333334
2019-03-14,49.86589460670417,6.3625
2019-03-15,54.8484310303125,7.533333333333333
2019-03-16,22.208988160779167,5.554166666666667
2019-03-17,17.660776551154164,5.116666666666667
2019-03-18,61.256015839725,9.1125
2019-03-19,29.870793709741665,4.633333333333333
2019-03-20,30.97193738312609,5.004166666666666
2019-03-21,37.51371873639167,6.5375
2019-03-22,27.033005360279166,4.329166666666667
2019-03-23,19.836659508525,3.1166666666666667
2019-03-24,19.658326319754167,6.245833333333334
2019-03-25,40.83558016199583,6.2625
2019-03-26,33.06771500797917,4.016666666666667
2019-03-27,19.674892550534782,6.704166666666667
2019-03-28,31.2705951825,4.245833333333334
2019-03-29,20.950371162366668,6.545833333333333
2019-03-30,18.3466599146375,4.729166666666666
2019-03-31,19.2247204285,6.020833333333334
2019-04-01,31.759830809329166,4.795833333333333
2019-04-02,37.5472582730875,4.8625
2019-04-03,29.800934628408694,5.058333333333334
2019-04-04,42.12090762235834,6.9375
2019-04-05,36.44116065721666,5.6625
2019-04-06,17.201255637854167,5.983333333333333
2019-04-07,23.204962777725,5.483333333333334
2019-04-08,26.7897114627375,5.791666666666667
2019-04-09,30.817590898983333,6.1
2019-04-10,35.464085561963635,6.133333333333334
2019-04-11,24.7758699225375,5.691666666666667
2019-04-12,30.409007361416666,4.741666666666666
2019-04-13,17.683498925470833,4.6375
2019-04-14,20.726907454670833,7.554166666666667
2019-04-15,39.717867844095835,6.5
2019-04-16,36.2972376742125,5.4875
2019-04-17,48.17232151136522,7.945833333333333
2019-04-18,12.1666825779625,7.158333333333333
2019-04-19,6.0842848043,7.0875
2019-04-20,7.918805095170834,10.3
2019-04-21,6.983680339429167,4.875
2019-04-22,10.310993569266667,5.695833333333334
2019-04-23,43.29050622795833,11.045833333333333
2019-04-24,63.51191585226087,14.670833333333333
2019-04-25,70.319650297725,14.858333333333333
2019-04-26,38.289470013875,12.604166666666666
2019-04-27,25.827963100245835,10.525
2019-04-28,26.649698870775,13.579166666666666
2019-04-29,30.6953458946125,10.025
2019-04-30,32.679898733927274,4.904166666666667
2019-05-01,9.483877917954166,4.829166666666667
2019-05-02,25.990489320454166,8.566666666666666
2019-05-03,15.6613135859,5.720833333333334
2019-05-04,10.8965950708625,4.304166666666666
2019-05-05,9.542791679741667,5.2125
2019-05-06,17.6585670274875,6.820833333333334
2019-05-07,29.510758249375,7.354166666666667
2019-05-08,26.324278848195654,6.066666666666667
2019-05-09,28.1269337960375,7.1
2019-05-10,41.08409496155,8.283333333333333
2019-05-11,31.2355024210625,8.558333333333334
2019-05-12,22.6696101431125,6.416666666666667
2019-05-13,25.235246284170834,4.825
2019-05-14,22.41234701899583,5.220833333333334
2019-05-15,25.994251650734785,6.159090909090909
2019-05-16,28.8063545960875,6.2875
2019-05-17,16.241398960216667,5.775
2019-05-18,15.271604634466668,6.620833333333334
2019-05-19,18.5835075748625,7.195833333333334
2019-05-20,23.323182210479168,9.041666666666666
2019-05-21,15.226118663291668,8.55
2019-05-22,11.362415446983333,5.2125
2019-05-23,15.9052836261,4.1375
2019-05-24,15.516889042108332,4.941666666666666
2019-05-25,7.8570393687375,3.2875
2019-05-26,11.898224921991668,3.4958333333333336
2019-05-27,25.148599035787498,5.5166666666666675
2019-05-28,27.9780480779875,6.291666666666667
2019-05-29,21.998143970091306,4.783333333333333
2019-05-30,8.3263125654,3.966666666666667
2019-05-31,15.4200829286375,4.5
2019-06-01,14.4241503738625,4.25
2019-06-02,12.136285527541668,4.841666666666667
2019-06-03,18.861884058454166,4.529166666666667
2019-06-04,34.8631519685625,7.279166666666667
2019-06-05,35.72247223267826,8.020833333333334
2019-06-06,41.88737500638333,9.158333333333333
2019-06-07,36.47245598853333,8.0125
2019-06-08,24.296406619570835,5.9375
2019-06-09,4.3438848475125,2.2916666666666665
2019-06-10,3.7628966290291666,4.295833333333333
2019-06-11,22.445244882770833,5.55
2019-06-12,23.83291573881739,5.008333333333333
2019-06-13,32.900811759,7.0375
2019-06-14,23.965386400204167,6.1375
2019-06-15,14.745926136675,6.05
2019-06-16,9.997742976370832,4.4
2019-06-17,22.029063022258335,6.2041666666666675
2019-06-18,35.77925646110833,8.120833333333334
2019-06-19,36.326725064426086,7.166666666666667
2019-06-20,23.772084785429165,6.066666666666667
2019-06-21,39.4626748053875,7.095833333333333
2019-06-22,22.3893044576,5.970833333333334
2019-06-23,26.8970525316375,6.5625
2019-06-24,24.499332518533333,NA
2019-06-25,23.460149172658333,NA
2019-06-26,21.994877992829164,NA
2019-06-27,19.708941941943475,NA
2019-06-28,15.886111015633332,NA
2019-06-29,12.7695397326875,NA
2019-06-30,11.513129562025,NA
2019-07-01,33.70861394853333,NA
2019-07-02,21.118494773308335,NA
2019-07-03,19.755168934908333,NA
2019-07-04,28.199087079113042,NA
2019-07-05,22.61068165768333,NA
2019-07-06,21.128100727008334,NA
2019-07-07,17.758519290633334,NA
2019-07-08,30.791184321195832,NA
2019-07-09,22.886713565641667,NA
2019-07-10,24.1581971086125,NA
2019-07-11,18.042120642995457,NA
2019-07-12,16.9986052427,NA
2019-07-13,12.474960252225,NA
2019-07-14,7.0910357158,NA
2019-07-15,18.286548516133333,NA
2019-07-16,17.10144475048333,NA
2019-07-17,17.415064597954167,NA
2019-07-18,25.527241088945456,NA
2019-07-19,28.383590054995835,NA
2019-07-20,16.246496535270833,NA
2019-07-21,30.056448501670836,NA
2019-07-22,35.670154887304165,NA
2019-07-23,29.5368856756125,7.491666666666667
2019-07-24,29.09005853911304,5.591666666666667
2019-07-25,30.2735055036,6.2125
2019-07-26,17.7781749359875,6.829166666666667
2019-07-27,9.831923438683333,4.4
2019-07-28,8.010711546954166,3.7958333333333334
2019-07-29,6.041364424116667,4.266666666666667
2019-07-30,7.309251363120834,3.441666666666667
2019-08-28,44.4057420291125,10.770833333333332
2019-08-29,56.21745307879566,15.491666666666667
2019-08-30,45.920533095656516,6.733333333333333
2019-08-31,33.73196133613333,6
2019-09-01,26.025162261266665,5.8291666666666675
2019-09-02,29.23051550550417,5.375
2019-09-03,23.5936798273625,4.370833333333334
2019-09-04,20.06147770880435,4.48695652173913
2019-09-05,31.738741727354167,4.720833333333333
2019-09-06,31.687223601491667,6.041666666666667
2019-09-07,23.119029940166666,5.5375
2019-09-08,15.542193476183334,4.604166666666667
2019-09-09,33.374165000925,6.479166666666667
2019-09-10,38.7371533346125,8.345833333333333
2019-09-11,33.38253634250417,8.85
2019-09-12,33.07283296677273,7.120833333333334
2019-09-13,27.203311486604164,5.041666666666666
2019-09-14,18.872271311666665,3.7958333333333334
2019-09-15,26.754900741791666,4.695833333333333
2019-09-16,32.9969132539625,6.829166666666667
2019-09-17,29.919300728747828,6.191666666666667
2019-09-18,19.0971939782125,4.6
2019-09-19,33.28054687176667,5.35
2019-09-20,34.68662050680417,4.8875
2019-09-21,26.7230527384625,5.0125
2019-09-22,22.5987282928,5.133333333333334
2019-09-23,41.711985865258335,6.395833333333334
2019-09-24,32.703152895925,5.270833333333334
2019-09-25,28.447582365439132,5.458333333333334
2019-09-26,50.05740636917917,6.508333333333334
2019-09-27,52.1781183105875,8.4625
2019-09-28,27.73961857384583,5.208333333333334
2019-09-29,5.5792229580875,2.3833333333333333
2019-09-30,4.877021933258333,3.9
2019-10-01,10.326551968204166,5.620833333333334
2019-10-02,20.243096871386363,8.283333333333333
2019-10-03,36.802259796225,7.845833333333333
2019-10-04,31.905898533441665,6.654166666666667
2019-10-05,27.948242440754168,5.35
2019-10-06,16.932879646129166,4.166666666666667
2019-10-07,43.54794598935417,5.441666666666667
2019-10-08,41.90632680375416,6.533333333333333
2019-10-09,46.39931974202609,9.970833333333333
2019-10-10,40.245144218229164,6.975
2019-10-11,41.8636000379375,9.7375
2019-10-12,34.88096024935417,8.279166666666667
2019-10-13,40.7191190123625,9.245833333333334
2019-10-14,48.713842163370835,8.045833333333333
2019-10-15,53.81598850124167,8.820833333333333
2019-10-16,50.96409406968261,7.766666666666667
2019-10-17,45.737320206408334,5.295833333333334
2019-10-18,29.2087186563625,5.3875
2019-10-19,38.77771987214167,7.129166666666666
2019-10-20,17.425586865216665,3.8833333333333333
2019-10-21,44.48354292641667,5.5625
2019-10-22,45.9568335714625,5.3375
2019-10-23,32.31071754472609,5.983333333333333
2019-10-24,48.068803461320826,4.725
2019-10-25,15.134913477266668,3.6708333333333334
2019-10-26,20.6954114824,6.208333333333334
2019-10-27,45.41728082943333,10.3375
2019-10-28,36.0193195965,6.379166666666667
2019-10-29,42.63999660762084,6.233333333333333
2019-10-30,55.92104431902273,6.2041666666666675
2019-10-31,30.223295879726088,4.85
2019-11-01,28.877786955941666,3.754166666666667
2019-11-02,14.003283971833334,3.2666666666666666
2019-11-03,38.151442649433335,7.679166666666667
2019-11-04,30.36396957129167,4.691666666666666
2019-11-05,30.413703035679163,4.8875
2019-11-06,48.819863642675,5.9541666666666675
2019-11-07,83.66166585148261,14.976190476190476
2019-11-08,83.16973405875,14.2375
2019-11-09,58.888467389025,12.020833333333332
2019-11-10,37.88387819028333,6.845833333333333
2019-11-11,69.59676318668333,9.825
2019-11-12,59.356679097895835,6.720833333333333
2019-11-13,30.731448160008334,5.570833333333334
2019-11-14,56.3771161553,8.966666666666667
2019-11-15,28.548349796,5.05
2019-11-16,54.0981250325875,8.541666666666666
2019-11-17,35.13665853712083,5.441666666666667
2019-11-18,50.08200925467083,5.7875
2019-11-19,54.880618410675,6.754166666666667
2019-11-20,40.93949495354167,5.358333333333334
2019-11-21,27.79180088315,4.391666666666667
2019-11-22,59.445150489795836,6.854166666666667
2019-11-23,26.87160622125,4.5625
2019-11-24,24.9042129222375,4.520833333333333
2019-11-25,36.15032252517083,4.208333333333333
2019-11-26,47.62685715330833,4.879166666666666
2019-11-27,48.14659834183334,4.004545454545455
2019-11-28,61.156060946765216,6.257142857142858
2019-11-29,46.91023808785833,NA
2019-11-30,15.048186862741666,NA
2019-12-01,13.9745041923,NA
2019-12-02,21.375928143266666,NA
2019-12-03,24.397881355820836,NA
2019-12-04,23.542141040104166,8.25
2019-12-05,37.516230327336366,5.845
2019-12-06,75.022109114525,9.479166666666666
2019-12-07,59.08736018422917,7.5875
2019-12-08,26.843480409916666,4.525
2019-12-09,43.121341531441665,6.833333333333334
2019-12-10,38.887344070220834,5.145833333333334
2019-12-11,21.15706149555833,3.0708333333333337
2019-12-12,48.108469656772726,5.529166666666667
2019-12-13,63.030319307041665,7.183333333333334
2019-12-14,65.64919270720833,9.125
2019-12-15,60.4680269183375,8.7875
2019-12-16,55.25952512985417,7.4125
2019-12-17,32.96422629848333,4.791666666666666
2019-12-18,32.0942103140875,5.708333333333334
2019-12-19,47.57391056422727,5.458333333333334
2019-12-20,27.0150231913875,3.45
2019-12-21,40.33211224764583,5.6
2019-12-22,45.3267603124625,6.220833333333334
2019-12-23,25.775806462429166,5.966666666666667
2019-12-24,9.8206208250625,5.154166666666668
2019-12-25,11.4074311696875,5.445833333333334
2019-12-26,27.8732141930875,6.475
2019-12-27,10.547043258334782,3.7
2019-12-28,10.9931772058875,2.275
2019-12-29,19.070963379804166,2.9208333333333334
2019-12-30,9.799587136125,4.545833333333333
2019-12-31,17.0231330653625,5.8625
2020-01-01,32.856750342554164,7.829166666666667
2020-01-02,26.1872082175375,4.004166666666666
2020-01-03,22.53285822752727,3.7583333333333333
2020-01-04,17.102175068441667,8.479166666666666
2020-01-05,25.794399929241667,3.691666666666667
2020-01-06,27.96550870965833,4.770833333333333
2020-01-07,20.554414959029167,3.4333333333333336
2020-01-08,19.7429736897,3.8291666666666666
2020-01-09,12.597635322408696,7.478260869565217
2020-01-10,32.55516941865417,5.379166666666667
2020-01-11,28.541251411508334,3.0333333333333337
2020-01-12,15.1717473119875,5.154166666666668
2020-01-13,23.989748710004164,4.545833333333333
2020-01-14,32.034973795329165,4
2020-01-15,55.040122330575,7.879166666666666
2020-01-16,54.66484088461304,7.4
2020-01-17,43.90283657243334,7.2625
2020-01-18,56.903200764325,9.729166666666666
2020-01-19,16.627578415879167,4.6875
2020-01-20,26.279831962529165,3.8
2020-01-21,33.6217245579,5.825
2020-01-22,37.9070087153,6.570833333333334
2020-01-23,26.8111563106875,2.4625
2020-01-24,34.307834676642855,5.1521739130434785
2020-01-25,12.823735290108333,5.1416666666666675
2020-01-26,42.489845592275,9.304166666666667
2020-01-27,55.6379771113375,6.641666666666667
2020-01-28,35.077540918975,5.116666666666667
2020-01-29,28.52324720809583,6.7375
2020-01-30,34.41741304129565,5.5375
2020-01-31,14.337165789533334,4.7125
2020-02-01,10.235834512283333,4.241666666666666
2020-02-02,12.618080486904166,6.3125
2020-02-03,42.00717506764583,5.745833333333334
2020-02-04,28.588838816895834,3.7666666666666666
2020-02-05,25.314277176683333,4.591666666666667
2020-02-06,34.75593555599131,7.354166666666667
2020-02-07,30.86308531579167,5.858333333333333
2020-02-08,28.67240332825417,3.5708333333333333
2020-02-09,38.35254019116667,3.3708333333333336
2020-02-10,54.45607513182917,4.916666666666666
2020-02-11,39.70578501374583,6.641666666666667
2020-02-12,31.263959037320834,5.9
2020-02-13,29.569847780034785,5.945833333333334
2020-02-14,26.058459093854164,5.5875
2020-02-15,58.90376293413334,8.675
2020-02-16,32.82683874832083,3.3708333333333336
2020-02-17,50.38867302307083,7.254166666666666
2020-02-18,34.23764031040417,6.291666666666667
2020-02-19,36.764529708670835,5.920833333333333
2020-02-20,27.67794638767391,2.966666666666667
2020-02-21,28.6934797960875,3.4833333333333334
2020-02-22,37.0098130150375,5.041666666666666
2020-02-23,22.597070745141664,5.2875
2020-02-24,31.898456089375,6.025
2020-02-25,28.556678377604165,4.670833333333333
2020-02-26,25.175458115858333,4.3125
2020-02-27,30.315577090541666,4.6
2020-02-28,21.759588188945454,4.329166666666667
2020-02-29,10.902142616391666,4.404166666666667
2020-03-01,32.063478017691665,6.075
2020-03-02,26.688376997375,6.754166666666667
2020-03-03,55.3126335291125,7.4
2020-03-04,32.442533796841666,3.8958333333333335
2020-03-05,29.607771314604545,4.0375
2020-03-06,25.037101371004166,4.883333333333333
2020-03-07,16.70480955998333,4.0625
2020-03-08,34.1582461957,4.508333333333333
2020-03-09,29.62543460832917,4.320833333333333
2020-03-10,15.2344204203875,5.1416666666666675
2020-03-11,38.1099669034087,4.891666666666667
2020-03-12,15.813631819670833,3.933333333333333
2020-03-13,20.17970552645833,5.654166666666667
2020-03-14,13.2980378035125,3.4208333333333334
2020-03-15,25.194854026091665,5.804166666666667
2020-03-16,16.269524715766668,6.529166666666667
2020-03-17,23.828839661083336,3.7666666666666666
2020-03-18,13.415893285708695,4.8125
2020-03-19,14.951553608941666,6.608333333333333
2020-03-20,27.3164056428875,6.083333333333334
2020-03-21,8.647727080016667,4.15
2020-03-22,4.348910622670834,3.291666666666667
2020-03-23,12.4991654731125,3.0583333333333336
2020-03-24,10.709943515029165,4.2875
2020-03-25,17.226081043191666,5.2875
2020-03-26,11.277088189295833,4.0375
2020-03-27,12.613674001026087,4.795833333333333
2020-03-28,7.380901520808334,5.275
2020-03-29,11.289800185883333,5.608333333333334
2020-03-30,18.851759943475,3.154166666666667
2020-03-31,14.358812576795833,3.5208333333333335
2020-04-01,33.056983989254164,5.495833333333334
2020-04-02,30.621022360895836,3.7875
2020-04-03,27.38423373384091,11.672727272727272
2020-04-04,10.977492562354167,7.5375
2020-04-05,8.007254486654167,5.479166666666667
2020-04-06,43.18003204110833,6.441666666666667
2020-04-07,18.367872750666667,6.329166666666667
2020-04-08,13.301590811,3.6666666666666665
2020-04-09,6.159087443929167,5.35
2020-04-10,10.06378470145,4.4
2020-04-11,11.331587849595834,3.9916666666666667
2020-04-12,9.611162151929166,3.2
2020-04-13,8.041627957941667,5.395833333333334
2020-04-14,22.629862773704165,4.395833333333333
2020-04-15,15.577577358929167,4.970833333333333
2020-04-16,18.446862296366668,5.245833333333334
2020-04-17,20.432395905160867,5.833333333333334
2020-04-18,13.5642875023875,5.0875
2020-04-19,15.073444576533333,4.779166666666667
2020-04-20,17.922501845708332,8.320833333333333
2020-04-21,20.70244590442083,7.6625
2020-04-22,22.85298645979565,8.031818181818181
2020-04-23,25.706093718279167,3.591666666666667
2020-04-24,12.78882737501739,5.8375
2020-04-25,6.278482678391667,5.283333333333334
2020-04-26,5.901574212629167,4.608333333333333
2020-04-27,19.756310344145835,5.0375
2020-04-28,13.44584278275,6.483333333333333
2020-04-29,15.826446128145454,5.523809523809524
2020-04-30,21.224117593769563,6.325
2020-05-01,16.557357545129165,6.108333333333333
2020-05-02,12.751349557725,5.475
2020-05-03,19.577738854475,5.116666666666667
2020-05-04,27.0149403001375,5.583333333333334
2020-05-05,8.678579237616667,3.0833333333333335
2020-05-06,13.2555391585125,4.316666666666666
2020-05-07,17.932522701504165,5.0875
2020-05-08,16.055826121534782,4.295833333333333
2020-05-09,5.118364949129167,4.795833333333333
2020-05-10,6.6123767915,5.370833333333334
2020-05-11,17.659005049441667,4.325
2020-05-12,13.820882517870833,4.95
2020-05-13,14.103766927620834,5.9125
2020-05-14,16.210268952054165,4.3
2020-05-15,8.465534006156522,3.7125
2020-05-16,10.795688879445834,4.8375
2020-05-17,12.33699564915,4.741666666666666
2020-05-18,14.3812332080625,4.625
2020-05-19,18.515654730345833,5.6625
2020-05-20,21.430977667166665,6.154166666666667
2020-05-21,12.1187953135625,5.2
2020-05-22,28.55173639693913,5.570833333333334
2020-05-23,19.1876034185875,5.7041666666666675
2020-05-24,19.4672814596,6.216666666666667
2020-05-25,23.8522664802875,7.295833333333333
2020-05-26,28.209500960175,4.941666666666666
2020-05-27,12.834206292329165,5.5125
2020-05-28,15.8644691148,4.4375
2020-05-29,23.796985918154167,5.825
2020-05-30,9.7278590071,4.6
2020-05-31,8.387342405075,4.991666666666666
2020-06-01,16.846585692325,5.279166666666668
2020-06-02,24.883023193143476,6.027272727272727
2020-06-03,14.855069463408334,4.020833333333333
2020-06-04,26.923911428170836,5.529166666666667
2020-06-05,23.883950371704348,6.933333333333334
2020-06-06,11.0414380684,4.375
2020-06-07,15.268428261791666,4.2375
2020-06-08,10.7873265011375,5.091666666666668
2020-06-09,13.815111118570835,4.925
2020-06-10,17.358859881783335,5.404166666666668
2020-06-11,12.51821138296087,4.958333333333333
2020-06-12,12.463510824075,5.016666666666667
2020-06-13,18.2103728843,5.545833333333334
2020-06-14,10.2702033765375,5.779166666666667
2020-06-15,13.489101712283333,5.470833333333334
2020-06-16,14.007317765983334,4.208695652173914
2020-06-17,19.941221019816666,5.779166666666667
2020-06-18,12.72356597945652,5.629166666666667
2020-06-19,14.1304724897375,4.429166666666666
2020-06-20,12.456985491483334,5.154166666666668
2020-06-21,11.369242948875,6.033333333333334
2020-06-22,21.550035370766665,6.3125
2020-06-23,20.563959745591667,8.525
2020-06-24,18.269412607529166,6.645833333333334
2020-06-25,18.912794626516668,7.0625
2020-06-26,16.226583286265218,5.429166666666667
2020-06-27,6.7413368437541665,4.1125
2020-06-28,4.950309580404166,3.8833333333333333
2020-06-29,9.113717103,3.841666666666667
2020-06-30,5.921296560029167,2.7833333333333337
2020-07-01,19.057976352258333,4.1875
2020-07-02,19.516232962230436,4.620833333333334
2020-07-03,11.759640415929168,4.320833333333333
2020-07-04,15.204671891441667,4.729166666666666
2020-07-05,10.478583376654166,3.6666666666666665
2020-07-06,14.730858746683333,4.645833333333333
2020-07-07,17.019800571770833,5.566666666666667
2020-07-08,22.588033774579163,5.6875
2020-07-09,26.394450248039128,7.079166666666667
2020-07-10,20.588864625725,5.104166666666667
2020-07-11,12.872586305325,5.045833333333334
2020-07-12,16.493704683995833,6.058333333333334
2020-07-13,19.039273649991667,5.770833333333334
2020-07-14,18.115945411525,6.370833333333334
2020-07-15,20.584060691233333,6.15
2020-07-16,18.541254595343478,6.965217391304348
2020-07-17,28.5263061412875,8.120833333333334
2020-07-18,10.622190687829168,4.029166666666667
2020-07-19,15.922289673675,6.275
2020-07-20,25.875920613933335,6.583333333333334
2020-07-21,26.225103556295835,4.520833333333333
2020-07-22,21.313198008116668,4.033333333333333
2020-07-23,18.442962641391304,3.3333333333333335
2020-07-24,19.272175451491666,5.308333333333334
2020-07-25,9.485313127033333,4.508333333333333
2020-07-26,11.8252929754625,5.0875
2020-07-27,22.32027855211667,6.308333333333334
2020-07-28,32.76536055235417,7.908333333333333
2020-07-29,38.4859515761375,8.295833333333333
2020-07-30,29.157477589204348,9.466666666666667
2020-07-31,12.914520128258333,7.1125
2020-08-01,6.361317599841667,3.066666666666667
2020-08-02,15.780919096970832,4.875
2020-08-03,25.857027268725,7.9875
2020-08-04,23.966746612279167,7.1875
2020-08-05,25.8181117463125,5.5625
2020-08-06,23.37442215939565,6.804166666666667
2020-08-07,15.383878339325,5.3125
2020-08-08,21.25095296783333,5.720833333333334
2020-08-09,10.530584162475,5.25
2020-08-10,21.501970650258336,5.383333333333334
2020-08-11,24.885608515791667,5.4125
2020-08-12,26.1470200822125,6.816666666666667
2020-08-13,26.35075364361818,6.658333333333333
2020-08-14,14.741301277995833,4.0125
2020-08-15,13.409386682216665,3.691666666666667
2020-08-16,14.292884831779165,5.295833333333334
2020-08-17,23.445199827783334,5.320833333333334
2020-08-18,24.164531775408335,4.625
2020-08-19,19.129556237841665,5.683333333333334
2020-08-20,25.459283367254166,4.825
2020-08-21,27.287333262869566,5.333333333333334
2020-08-22,29.58177646455833,7.445833333333334
2020-08-23,25.40917289694583,5.6416666666666675
2020-08-24,25.05050543988333,4.2625
2020-08-25,18.2696102229,3.8958333333333335
2020-08-26,22.633899177458332,4.741666666666666
2020-08-27,23.177846796156523,4.291666666666667
2020-08-28,21.9661998346625,4.516666666666667
2020-08-29,17.4308369208375,4.575
2020-08-30,12.572437110325,4.529166666666667
2020-08-31,15.137007316133332,4.5875
2020-09-01,28.029598889095833,5.295833333333334
2020-09-02,29.796484358654165,6.15
2020-09-03,37.26216634735909,7.225
2020-09-04,42.275882203145834,8.8
2020-09-05,15.918530653183332,4.525
2020-09-06,15.492068181583333,5.241666666666667
2020-09-07,27.625097733379164,4.570833333333333
2020-09-08,29.201535667191667,5.041666666666666
2020-09-09,21.87913020617391,7.8909090909090915
2020-09-10,20.5084023359,6.245833333333334
2020-09-11,23.431311245829164,5.1
2020-09-12,25.517162062091668,5.525
2020-09-13,31.930182820429163,7.066666666666666
2020-09-14,32.6513084646375,6.133333333333334
2020-09-15,29.323108760354167,5.304166666666667
2020-09-16,24.0956620185875,4.983333333333333
2020-09-17,18.73190075563182,2.6125
2020-09-18,17.02254205385,4.333333333333333
2020-09-19,12.332263209016666,3.908333333333333
2020-09-20,9.1147997807625,3.091666666666667
2020-09-21,19.433608079833334,3.1458333333333335
2020-09-22,12.4493525978125,5.3875
2020-09-23,33.1237757596625,5.041666666666666
2020-09-24,26.228749891904165,5.733333333333333
2020-09-25,31.180161407939128,6.879166666666667
2020-09-26,22.857112058454167,5.8875
2020-09-27,29.247170965675,4.820833333333333
2020-09-28,54.43429976957917,8.5125
2020-09-29,38.41755157929583,10.85
2020-09-30,41.20523048709167,13.095833333333333
2020-10-01,37.26978827505833,11.679166666666665
2020-10-02,42.355782813004545,10.241666666666667
2020-10-03,40.97634969659167,9.808333333333334
2020-10-04,35.93077513335417,14.65
2020-10-05,55.8723761234125,15.666666666666666
2020-10-06,20.178115016008334,4.9125
2020-10-07,40.6432447502625,6.179166666666667
2020-10-08,40.126245788304345,7.7125
2020-10-09,46.250075479442856,6.12
2020-10-10,21.357498061970833,4.154166666666667
2020-10-11,22.908598034616666,5.033333333333333
2020-10-12,18.582172609275,3.8
2020-10-13,35.49794626229166,5.995833333333334
2020-10-14,28.6857747812125,4.1
2020-10-15,47.449260975979165,5.5791666666666675
2020-10-16,31.810153137045454,2.85
2020-10-17,11.3438808336375,3.5625
2020-10-18,21.1605909823875,5.058333333333334
2020-10-19,46.6787056140125,7.904166666666667
2020-10-20,53.72771728127917,7.954166666666667
2020-10-21,56.92618979317917,5.775
2020-10-22,42.493876923879164,5.379166666666667
2020-10-23,32.90836265371304,5.295833333333334
2020-10-24,20.8108816959625,7.429166666666667
2020-10-25,27.6505692146125,4.5625
2020-10-26,18.591048847879165,4.283333333333333
2020-10-27,36.129469520104166,6.166666666666667
2020-10-28,45.785299977025,6.65
2020-10-29,41.3482399720375,6.516666666666667
2020-10-30,49.90722963812174,6.991666666666667
2020-10-31,11.689233758183333,4.208333333333333
2020-11-01,27.632412071341665,3.9583333333333335
2020-11-02,19.939855914733332,2.3791666666666664
2020-11-03,18.083835972625,5.433333333333334
2020-12-02,13.778325165416668,2.9875
2020-12-03,13.9730267504125,4.579166666666667
2020-12-04,51.225696153420834,9.879166666666666
2020-12-05,13.383928040195833,4.945833333333333
2020-12-06,38.2646967644125,9.158333333333333
2020-12-07,55.566711472004165,8.8625
2020-12-08,52.94034958618333,8.1125
2020-12-09,15.427412862204166,NA
2020-12-10,20.327440714679167,4.945833333333333
2020-12-11,39.857202122882605,6.041666666666667
2020-12-12,15.977291888966667,3.7083333333333335
2020-12-13,36.23512143961667,6.970833333333333
2020-12-14,38.0681767623,5.116666666666667
2020-12-15,36.54973630575834,5.720833333333334
2020-12-16,14.1374698039125,4.083333333333333
2020-12-17,29.884297264666664,3.9583333333333335
2020-12-18,42.765919872645455,5.983333333333333
2020-12-19,51.095183786858335,8.7375
2020-12-20,19.347389518970832,3.475
2020-12-21,18.476709291958333,3.9291666666666667
2020-12-22,55.72789843590434,7.504166666666666
2020-12-23,41.05081281377917,5.691666666666667
2020-12-24,28.297660303708334,6.3375
2020-12-25,4.521427819725,3.7
2020-12-26,6.4556013693625,4.2375
2020-12-27,5.716416480725,4.454166666666667
2020-12-28,14.3959329386875,5.9125
2020-12-29,35.40519380379565,7.254166666666666
2020-12-30,52.01039485175,9.008333333333333
2020-12-31,35.58591068874166,13.091666666666667
2021-01-01,33.3342561096625,14.3
2021-01-02,13.369764696883333,4.820833333333333
2021-01-03,10.193054428770832,4.658333333333333
2021-01-04,13.497529379945833,4.404166666666667
2021-01-05,12.210540707375,3.1083333333333334
2021-01-06,23.586608906804166,3.6666666666666665
2021-01-07,22.929219773208334,4.504166666666666
2021-01-08,11.5503272023,5.075
2021-01-09,34.6227695731875,8.191666666666666
2021-01-10,9.362807684391667,4.841666666666667
2021-01-11,21.25993830385,6.3625
2021-01-12,36.64754290665,9.7625
2021-01-13,20.240307185758333,5.795833333333333
2021-01-14,16.137177589504347,4.8875
2021-01-15,40.742001112783335,5.8625
2021-01-16,13.599212957825,3.1875
2021-01-17,11.030431303816668,3.2458333333333336
2021-01-18,28.560147083554167,4.6125
2021-01-19,49.24299095415,6.575
2021-01-20,37.02540681928333,5.1875
2021-01-21,27.132754091991302,5.375
2021-01-22,21.64744520742174,6.658333333333333
2021-01-23,11.587067492970833,8.075
2021-01-24,23.82984448901667,9.654166666666667
2021-01-25,31.579986339745833,9.179166666666667
2021-01-26,54.2936544975625,10.458333333333332
2021-01-27,24.186443368260868,7.104166666666667
2021-01-28,10.886949311804166,5.070833333333334
2021-01-29,37.75807549599167,7.870833333333334
2021-01-30,39.341394924841666,12.454166666666667
2021-01-31,45.522021051875,12.491666666666665
2021-03-05,20.531329775752173,6.010526315789474
2021-03-06,14.61387259325,4.791666666666666
2021-03-07,25.893943273191667,6.191666666666667
2021-03-08,55.0188477721,7.091666666666667
2021-03-09,34.25429032884167,3.9625
2021-03-10,32.76662426725834,3.783333333333333
2021-03-11,21.8557351805,3.8208333333333333
2021-03-12,46.60429857294545,7.591666666666667
2021-03-13,24.2252759547875,7.783333333333333
2021-03-14,20.682157580166663,5.220833333333334
2021-03-15,39.3804336915125,7.229166666666667
2021-03-16,25.504472821154167,6.383333333333334
2021-03-17,27.103074531945836,6.25
2021-03-18,29.349723622017393,5.5375
2021-03-19,10.367700596383333,3.525
2021-03-20,15.837482642483332,4.3625
2021-03-21,17.035084812079166,5.075
2021-03-22,15.364885473145835,3.3666666666666667
2021-03-23,13.622829355433334,5.7666666666666675
2021-03-24,20.0761952862,3.004166666666667
2021-03-25,33.17281621465416,6.820833333333334
2021-03-26,28.09458940742174,4.170833333333333
2021-03-27,24.90838885859583,5.0875
2021-03-28,17.8939085824125,4.1
2021-03-29,46.7550712053375,4.875
2021-03-30,42.7908602553375,6.495833333333334
2021-03-31,28.93448924737727,5.633333333333334
2021-04-01,9.3211914365375,3.279166666666667
2021-04-02,8.8022651137,4.383333333333333
2021-04-03,6.958551289770834,2.4125
2021-04-04,13.343745939158332,2.279166666666667
2021-04-05,11.772229542070834,3.933333333333333
2021-04-06,9.100861076583334,4.670833333333333
2021-04-07,20.70533203655,5.841666666666667
2021-04-08,24.5683226584625,4.904166666666667
2021-04-09,31.095036226422728,4.291666666666667
2021-04-10,13.4777009992625,5.033333333333333
2021-04-11,11.815241704291667,6.2375
2021-04-12,26.27072155335,4.95
2021-04-13,16.1030720338375,3.5375
2021-04-14,19.5145368599,5.279166666666668
2021-04-15,16.22500461031739,6.0125
2021-04-16,15.480739075820834,6.166666666666667
2021-04-17,9.810892978604166,5.016666666666667
2021-04-18,13.437560027825,5.325
2021-04-19,15.7628880147125,7.179166666666667
2021-04-20,25.52023631433333,9.504166666666666
2021-04-21,21.658598920254164,5.7041666666666675
2021-04-22,18.25468691643913,4.975
2021-04-23,21.549665517895836,5.275
2021-04-24,10.891549497345833,4.520833333333333
2021-04-25,12.820220361695833,5.595833333333334
2021-04-26,22.148847890070833,4.420833333333333
2021-04-27,20.3494143866625,4.679166666666666
2021-04-28,19.7036847325,4.5625
2021-04-29,22.858529005925,4.158333333333333
2021-04-30,14.863765407569565,4.770833333333333
2021-05-01,10.712836728166666,4.095833333333333
2021-05-02,16.955643791958334,5.333333333333334
2021-05-03,17.808577450695832,6.7
2021-05-04,23.715208065445832,5.904166666666667
2021-05-05,26.29079516789167,6.041666666666667
2021-05-06,20.962855445383333,5.725
2021-05-07,16.574368776769568,5.5166666666666675
2021-05-08,10.678887172791667,4.175
2021-05-09,6.8851455396875,4.341666666666667
2021-05-10,18.157843670070832,6.216666666666667
2021-05-11,26.44299595453333,6.604166666666667
2021-05-12,29.1988410059375,6.5125
2021-05-13,4.78570521665,5.104166666666667
2021-05-14,9.364784817070833,4.454166666666667
2021-05-15,10.242914223533333,4.391666666666667
2021-05-16,12.758038857408334,4.729166666666666
2021-05-17,19.050810990125,5.554166666666667
2021-05-18,26.73627928485833,5.4541666666666675
2021-05-19,25.0064949716,6.3625
2021-05-20,27.391809306845833,6.083333333333334
2021-05-21,9.527825298720833,4.479166666666667
2021-05-22,4.2628403114125,4.370833333333334
2021-05-23,8.206550903454167,4.7625
2021-05-24,10.560774514591666,5.291666666666667
2021-05-25,10.224028346858333,5.741666666666667
2021-05-26,12.454788606459092,5.054166666666667
2021-05-27,18.889166598175,5.975
2021-05-28,16.2089704633,6.2375
2021-05-29,10.459292350129166,6.1125
2021-05-30,7.973049643175,4.045833333333333
2021-05-31,20.00366922860833,7.016666666666667
2021-06-01,23.793094448758335,6.329166666666667
2021-06-02,30.081234869854164,6.829166666666667
2021-06-03,25.44900321723913,9.779166666666667
2021-06-04,18.9898389419875,8.2875
2021-06-05,10.24868281315,5.775
2021-06-06,9.4653902866375,7.454166666666667
2021-06-07,26.6860645305,8.683333333333334
2021-06-08,22.026672261583332,7.95
2021-06-09,20.722179892454164,6.525
2021-06-10,16.327737729104165,6.466666666666667
2021-06-11,22.64557397977391,7.05
2021-06-12,15.851625994625,3.7958333333333334
2021-06-13,12.967062662279167,4.6375
2021-06-14,11.931563511075,3.466666666666667
2021-06-15,14.934719468970833,5.166666666666667
2021-06-16,16.882747045183333,4.779166666666667
2021-06-17,22.17324840210435,6.2875
2021-06-18,20.2766380284125,6.841666666666667
2021-06-19,10.7562545600625,5.1625
2021-06-20,14.1980831233125,4.6125
2021-06-21,33.2088155251375,7.1625
2021-06-22,19.485321181820833,5.879166666666667
2021-06-23,28.557306328969567,7.254166666666666
2021-06-24,17.06463196278333,6.654166666666667
2021-06-25,14.3259444820875,5.5166666666666675
2021-06-26,14.164630190633334,4.316666666666666
2021-06-27,9.088877054629167,5.883333333333334
2021-06-28,15.339960852975,7.441666666666666
2021-06-29,13.2442182722625,4.691666666666666
2021-07-03,7.981513154,NA
2021-07-04,9.930059060258332,NA
2021-07-05,28.872929442858336,NA
2021-07-06,30.8435567020875,13.070833333333333
2021-07-07,31.28527326685,12.554166666666665
2021-07-08,15.709483483765217,4.329166666666667
2021-07-09,15.342294379004167,5.2125
2021-07-10,6.753879437979167,3.3958333333333335
2021-07-11,8.2867412126125,5.183333333333334
2021-07-12,20.645630819275,6.129166666666667
2021-07-13,18.3479462409875,4.358333333333333
2021-07-14,12.952110850133334,3.783333333333333
2021-07-15,21.3967423748,5.2375
2021-07-16,8.071476333625,4.5125
2021-07-17,8.2174884261875,3.9625
2021-07-18,5.6107016223375,4.354166666666667
2021-07-19,8.877940847208333,3.4375
2021-07-20,12.282680548804166,4.6875
2021-07-21,11.88185261317826,3.6958333333333333
2021-07-22,11.032483382954167,4.583333333333333
2021-07-23,11.275780720795833,3.725
2021-07-24,9.4162148991,4.204166666666667
2021-07-25,18.146269395595834,4.5875
2021-07-26,20.642702216070834,7.191666666666666
2021-07-27,21.208698008,6.060869565217391
2021-07-28,12.214688988475,4.279166666666667
2021-07-29,7.009092457122728,3.6
2021-07-30,8.515097455191666,4.933333333333334
2021-07-31,5.657380603795834,3.3708333333333336
2021-08-01,12.577643363833333,3.3625
2021-08-02,10.083311654425,4.116666666666666
2021-08-03,13.506517051816667,4.170833333333333
2021-08-04,15.071120846779166,4.279166666666667
2021-08-05,17.07178275637391,4.883333333333333
2021-08-06,21.72278175927917,5.429166666666667
2021-08-07,22.317404945933333,6.858333333333333
2021-08-08,26.892203221983333,6.429166666666667
2021-08-09,23.516526184779167,5.458333333333334
2021-08-10,28.50483258132917,6.65
2021-08-11,17.06314027724167,4.716666666666667
2021-08-12,16.1701334863,5.5625
2021-08-13,21.149793596808333,4.058333333333334
2021-08-14,10.996190199716667,3.5
2021-08-15,5.156974522745833,4.220833333333333
2021-08-16,12.525626412729165,4.4375
2021-08-17,16.790472392166667,4.616666666666666
2021-08-18,19.3426779458,4.345833333333333
2021-08-19,13.475369451343477,4.091666666666667
2021-08-20,12.35827332815,4.520833333333333
2021-08-21,5.382120295866667,4.004166666666666
2021-08-22,13.779219788483333,4.208333333333333
2021-08-23,21.90432225900833,4.954166666666667
2021-08-24,19.6736191634375,3.466666666666667
2021-08-25,33.51840910277083,7.395833333333333
2021-08-26,26.272759505591303,6.583333333333334
2021-08-27,12.148134695533335,6.070833333333334
2021-08-28,16.1028495843375,4.458333333333333
2021-08-29,15.5880627193125,6.066666666666667
2021-08-30,21.734287177925,5.8916666666666675
2021-08-31,19.4850918227,4.325
2021-09-01,19.498552668058334,4.433333333333334
2021-09-02,18.92195209862381,3.8708333333333336
2021-09-03,16.6609272584875,4.716666666666667
2021-09-04,15.95781545455,4.091666666666667
2021-09-05,10.690221272008332,4.05
2021-09-06,31.607861147816667,5.283333333333334
2021-09-07,29.023577075179166,NA
2021-09-08,24.5788132319375,NA
2021-09-09,20.456555791795655,NA
2021-09-10,23.596932154620834,NA
2021-09-11,23.898220829504165,NA
2021-09-12,18.6728885699125,NA
2021-09-13,30.925248749520833,NA
2021-09-14,29.795381647958333,NA
2021-09-15,31.8965851529375,NA
2021-09-16,39.57068668617727,NA
2021-09-17,35.026053304195834,NA
2021-09-18,18.752107109283333,NA
2021-09-19,18.9609087784625,NA
2021-09-20,17.980525926679167,NA
2021-09-21,17.740954077220835,NA
2021-09-22,12.065085745620834,NA
2021-09-23,21.97860927995833,NA
2021-09-24,25.71704974107391,NA
2021-09-25,23.168515227666663,NA
2021-09-26,9.1785895186375,NA
2021-09-27,38.92502207013333,NA
2021-09-28,36.905637297775,NA
2021-09-29,35.19238613632916,NA
2021-09-30,39.932852985908696,NA
2021-10-01,31.49846495474583,NA
2021-10-02,31.240158648616667,NA
2021-10-03,12.932540929083332,NA
2021-10-04,29.16738926465,NA
2021-10-05,18.424277588495833,NA
2021-10-06,22.591388357320835,NA
2021-10-07,21.386770427908335,NA
2021-10-08,37.6229380582875,NA
2021-10-09,18.25479564660417,NA
2021-10-10,20.951038703166667,NA
2021-10-11,33.28646074095,NA
2021-10-12,27.500524027491664,NA
2021-10-13,25.033341816141668,4.666666666666667
2021-10-14,33.77290686340417,6.352173913043479
2021-10-15,40.287850201675,6.654166666666667
2021-10-16,22.687841750033332,4.508333333333333
2021-10-17,5.54934585665,4.404166666666667
2021-10-18,28.3566119030375,5.283333333333334
2021-10-19,45.692721614183334,7.254166666666666
2021-10-20,12.8250250391375,2.525
2021-10-21,8.569627114308332,4.129166666666666
2021-10-22,22.478102406,7.158333333333333
2021-10-23,20.1996472769,5.6
2021-10-24,39.547394785054166,6.3375
2021-10-25,44.201723649758335,6.15
2021-10-26,40.808260390070835,6.55
2021-10-27,22.899790750125,3.975
2021-10-28,16.0475538105125,4
2021-10-29,27.111206127131815,5.554166666666667
2021-10-30,44.19298254370833,7.2625
2021-10-31,44.27271101959583,6.458333333333334
2021-11-01,49.49578868105417,6.316666666666667
2021-11-02,18.569642967254165,6.058333333333334
2021-11-03,17.117999969004167,6.570833333333334
2021-11-04,29.862939609945833,5.475
2021-11-05,34.610735226586954,4.4875
2021-11-06,30.7926552548125,7.066666666666666
2021-11-07,31.045009877129168,6.695833333333334
2021-11-08,45.0458160920375,7.041666666666667
2021-11-09,31.367202663483333,2.65
2021-11-10,16.055537267095833,3.8958333333333335
2021-11-11,29.025861335817392,5.1416666666666675
2021-11-12,26.831723356925,4.983333333333333
2021-11-13,19.390986686341666,4.845833333333333
2021-11-14,24.601397883270835,4.883333333333333
2021-11-15,21.8251288056375,4.225
2021-11-16,25.033785425479167,4.304166666666666
2021-11-17,32.68637622147083,4.454166666666667
2021-11-18,29.892417088870836,4.054166666666666
2021-11-19,44.04342083385909,7.170833333333333
2021-11-20,11.4993859044125,4.945833333333333
2021-11-21,21.6385840454375,5.491666666666667
2021-11-22,23.59612058897917,3.654166666666667
2021-11-23,20.866624431595834,3.9166666666666665
2021-11-24,44.257532346329164,6.7875
2021-11-25,33.6224347886875,3.95
2021-11-26,52.04912597368182,9.666666666666666
2021-11-27,22.009839299179166,5.375
2021-11-28,9.805966867295833,4.075
2021-11-29,22.756427752808335,4.025
2021-11-30,52.5073237053125,8.045833333333333
2021-12-01,30.932800429766665,6.0875
2021-12-02,32.4766203426875,6.179166666666667
2021-12-03,54.44440113792174,7.491666666666667
2021-12-04,19.735012991745833,5.05
2021-12-05,9.459021389395833,5.004166666666666
2021-12-06,32.4359833567,6.5875
2021-12-07,23.61428490213333,5.658333333333334
2021-12-08,25.40536383152083,5.275
2021-12-09,27.769758977982608,6.8
2021-12-10,49.633654365029166,7.5625
2021-12-11,33.26409748051667,10.85
2021-12-12,18.8502798271,5.166666666666667
2021-12-13,37.72367450031667,8.7375
2021-12-14,45.640131679054164,5.125
2021-12-15,20.7898890841125,3.4458333333333333
2021-12-16,22.976024892895655,5.091666666666668
2021-12-17,27.324335311770835,4.154166666666667
2021-12-18,17.947463949183334,3.5541666666666667
2021-12-19,13.99345938065,5.945833333333334
2021-12-20,43.762564535208334,6.908333333333333
2021-12-21,56.37863713047916,6.45
2021-12-22,23.557121392969567,4.879166666666666
2021-12-23,24.1556429551375,4.7875
2021-12-24,13.046409499979166,3.779166666666667
2021-12-25,34.5327396958875,9.266666666666666
2021-12-26,19.426759226529168,6.704166666666667
2021-12-27,32.647579228395834,7.3875
2021-12-28,62.38564966064166,10.679166666666667
2021-12-29,50.06088291884783,8.0875
2021-12-30,50.326226225325,7.908333333333333
2021-12-31,40.7684662858875,10.983333333333334
2022-01-01,36.14135003662916,15.8
2022-01-02,10.293122726075,2.0541666666666667
2022-01-03,17.069770258741666,4.275
2022-01-04,24.580195161454167,4.833333333333333
2022-01-05,27.353846696033333,6.358333333333333
2022-01-06,45.6468292911913,8.970833333333333
2022-01-07,21.598252360504166,3.754166666666667
2022-01-08,20.939708630920833,4.725
2022-01-09,41.160451937666664,11.129166666666666
2022-01-10,46.12466617695,10.016666666666667
2022-01-11,15.826357366920835,2.495833333333333
2022-01-12,13.61675338702381,2.5375
2022-02-22,54.11518121138334,9.829166666666666
2022-02-23,37.636776264508335,5.5
2022-02-24,52.8075401518,6.679166666666667
2022-02-25,19.85821082563913,8.1
2022-02-26,15.035389755070833,3.8333333333333335
2022-02-27,3.9991062472416665,6.1416666666666675
2022-02-28,30.978211997866666,8.6125
2022-03-01,20.5596373445375,3.8541666666666665
2022-03-02,16.862839419875,6.333333333333334
2022-03-03,27.467895674754168,5.0791666666666675
2022-03-04,29.97847334328261,3.775
2022-03-05,14.432581507233333,3.3708333333333336
2022-03-06,33.89681542592916,5.291666666666667
2022-03-07,24.543025651708334,4.325
2022-03-08,22.671680438891666,5.591666666666667
2022-03-09,11.924424582541667,3.8833333333333333
2022-03-10,11.68831318038261,5.520833333333334
2022-03-11,29.12928557815833,6.7625
2022-03-12,49.78480351745,11.3
2022-03-13,35.30051482487083,6.2041666666666675
2022-03-14,43.03283701315,6.183333333333334
2022-03-15,54.66285678555833,7.616666666666667
2022-03-16,18.822987515604165,6.179166666666667
2022-03-17,45.69782651580833,6.966666666666667
2022-03-18,24.228138951256522,6.1375
2022-03-19,16.726716509729165,4.65
2022-03-20,6.819603696945833,10.404166666666665
2022-03-21,11.848085122066667,8.079166666666667
2022-03-22,10.246790444608333,6.3
2022-03-23,26.132681450945835,3.4458333333333333
2022-03-24,31.08825836826522,4.854166666666666
2022-03-25,25.251700005458332,4.295833333333333
2022-03-26,23.132454019208335,6.179166666666667
2022-03-27,17.899819614375,2.2391304347826084
2022-03-28,22.000845439375,5.85
2022-03-29,11.139897857866666,4.920833333333333
2022-03-30,16.1899651494,4.791666666666666
2022-03-31,28.03788530622273,NA
2022-04-01,24.421427164604168,NA
2022-04-02,25.599155949933333,NA
2022-04-03,18.851137200979167,5.241666666666667
2022-04-04,31.170415326666667,2.9458333333333337
2022-04-05,13.543139633579166,1.9291666666666667
2022-04-06,8.3842177200125,4.033333333333333
2022-04-07,26.662178287586954,6.1375
2022-04-08,25.16995779992917,4.095833333333333
2022-04-09,17.101635877383334,2.9625
2022-04-10,11.253117507883333,5.0375
2022-04-11,15.123380698954165,5.933333333333334
2022-04-12,24.506771753875,5.416666666666667
2022-04-13,23.23650968955,5.545833333333334
2022-04-14,10.1338806572,4.158333333333333
2022-04-15,13.415697232058333,6.190476190476191
2022-04-16,6.8224830566375,3.690909090909091
2022-04-17,9.7544443706,2.9272727272727272
2022-04-18,13.166710773166665,4.939130434782609
2022-04-19,40.45064516374166,8.904166666666667
2022-04-20,29.77996783335833,7.366666666666667
2022-04-21,28.71988036172174,4.945833333333333
2022-04-22,27.09653509020833,4.508333333333333
2022-04-23,15.289298838858333,5.416666666666667
2022-04-24,15.869007011495833,3.4291666666666667
2022-04-25,21.05567120695833,NA
2022-04-26,16.7577091394625,NA
2022-04-27,16.285885368825,NA
2022-04-28,18.142183183958334,2.541666666666667
2022-04-29,24.308070683847827,3.191666666666667
2022-04-30,15.959353627529167,3.4125
2022-05-01,15.6832925508,2.4791666666666665
2022-05-02,23.2616491275,4.533333333333333
2022-05-03,17.498326952175,4.75
2022-05-04,23.355365457725,4.5
2022-05-05,23.723792814466666,4.933333333333334
2022-05-06,16.6495392175,4.320833333333333
2022-05-07,10.857377877025,5.816666666666667
2022-05-08,13.029484199895833,5.045833333333334
2022-05-09,17.470088630483332,3.4333333333333336
2022-05-10,19.294572359333333,3.625
2022-05-11,32.517399098075,4.7375
2022-05-12,22.205241984762502,4.0875
2022-05-13,17.639527853570833,6.1625
2022-05-14,13.079035927916665,6.104166666666667
2022-05-15,10.278512444741667,4.908333333333333
2022-05-16,15.245556840013045,5.65
2022-05-17,11.4890151508125,3.775
2022-05-18,16.006304975979166,4.8625
2022-05-19,18.779978631158333,6.35
2022-05-20,27.298744978158332,6.320833333333334
2022-05-21,21.035455574504166,5.233333333333334
2022-05-22,23.343454027941668,5.304166666666667
2022-05-23,38.37591039639583,7.2125
2022-05-24,34.582528685470834,8.6125
2022-05-25,36.50990088141304,9.4
2022-05-26,29.5325939856875,8.191666666666666
2022-05-27,21.0492914428375,7.2875
2022-05-28,8.712790246654166,5.675
2022-05-29,13.957317762575,6.970833333333333
2022-05-30,29.03035725555,9.391666666666666
2022-05-31,30.913256756029163,13.65
2022-06-01,24.737040700166666,9.3125
2022-06-02,24.127846343282606,6.070833333333334
2022-06-03,25.349752335595834,6.679166666666667
2022-06-04,11.317188159929167,4.716666666666667
2022-06-05,5.217925533654167,4.245833333333334
2022-06-06,7.536723577891667,4.845833333333333
2022-06-07,7.9958218001125,4.316666666666666
2022-06-08,11.602043073643477,5.308333333333334
2022-06-09,13.59158727415,4.929166666666666
2022-06-10,14.149450163916667,4.333333333333333
2022-06-11,15.76360371605,5.0791666666666675
2022-06-12,13.03493731105,4.875
2022-06-13,25.5594990242625,6.6125
2022-06-14,16.691056654565216,6.983333333333333
2022-06-15,20.39132185929167,5.591666666666667
2022-06-16,20.801769116483335,6.0791666666666675
2022-06-17,17.628557041354167,6.025
2022-06-18,10.623706572595834,5.620833333333334
2022-06-19,12.553159395995833,9.3
2022-06-20,18.218007446541666,5.658333333333334
2022-06-21,18.47798269354091,5.2375
2022-06-22,13.340130802316665,3.904166666666667
2022-06-23,13.990536336458334,6.845833333333333
2022-06-24,12.272415140429166,7.883333333333334
2022-06-25,7.9033698619,6.454166666666667
2022-06-26,16.145208860691667,7.6125
2022-06-27,34.24119106589166,11.931818181818182
2022-06-28,40.02384788775833,14.129166666666666
2022-06-29,20.45289118692917,9.7375
2022-06-30,10.008954930946611,3.1166666666666667
2022-07-01,19.974107692511094,6.404166666666667
2022-07-02,29.537580445327567,9.483333333333333
2022-07-03,16.439761792308662,5.2
2022-07-04,21.34170487482396,5.25
2022-07-05,20.45740237436394,5.108333333333334
2022-07-06,10.490584589496814,3.204166666666667
2022-07-07,11.405747462721315,3.8333333333333335
2022-07-08,12.399274372344534,4.383333333333333
2022-07-09,7.710314695915335,4.9125
2022-07-10,11.111281547330913,5.6875
2022-07-11,15.832113151412157,6.3
2022-07-12,18.104282858849356,5.945833333333334
2022-07-13,19.252271626768692,5.170833333333334
2022-07-14,14.791985052040864,5.945833333333334
2022-07-15,8.82930945344166,3.2708333333333335
2022-07-16,8.85914900679786,3.9916666666666667
2022-07-17,10.57807671591361,3.7875
2022-07-18,16.844498205937658,4.6625
2022-07-19,18.388972790830998,5.8291666666666675
2022-07-20,22.907466902749448,5.475
2022-07-21,28.05643715078826,6.358333333333333
2022-07-22,17.26416090737839,4.133333333333334
2022-07-23,6.84979662732887,3.8625
2022-07-24,6.707870642004224,3.3458333333333337
2022-07-25,26.977185517975926,5.166666666666667
2022-07-26,24.16496129265411,5.583333333333334
2022-07-27,16.77877476750131,4.270833333333333
2022-07-28,18.60606375094911,5.2
2022-07-29,18.164599779455905,4.75
2022-07-30,18.85189518922311,4.195833333333333
2022-07-31,30.567495373780062,6.0791666666666675
2022-08-01,18.539688120404307,6.120833333333334
2022-08-02,18.65316579119457,4.675
2022-08-03,22.494458995735407,5.041666666666666
2022-08-04,15.72482131987111,4.933333333333334
2022-08-05,16.78222890305465,4.929166666666666
2022-08-06,12.942067956561123,3.908333333333333
2022-08-07,15.83752432099228,4.991666666666666
2022-08-08,18.4717514476008,4.545833333333333
2022-08-09,11.726890299917565,6.245833333333334
2022-08-10,15.745211239843194,3.8625
2022-08-11,8.073248301875674,5.4625
2022-08-12,13.13026125591343,6.083333333333334
2022-08-13,12.833174032244967,4.508333333333333
2022-08-14,14.264679535771307,6.033333333333334
2022-08-15,24.85509400883468,7.025
2022-08-16,39.18996384899455,10.795833333333334
2022-08-17,19.79030536723257,5.566666666666667
2022-08-18,21.151141012990216,5.5791666666666675
2022-08-19,40.63422774764693,7.5625
2022-08-20,39.47468588774414,8.870833333333334
2022-08-21,27.861442468077634,7.133333333333334
2022-08-22,24.133052295809215,5.041666666666666
2022-08-23,11.132102757058764,5.395833333333334
2022-08-24,25.915705534241045,5.0791666666666675
2022-08-25,31.23184301250796,6.808333333333334
2022-08-26,27.116375698996503,6.625
2022-08-27,21.13354079141291,3.7708333333333335
2022-08-28,16.47256938092084,4.879166666666666
2022-08-29,17.618674316123563,4.558333333333334
2022-08-30,23.116380358053803,4.170833333333333
2022-08-31,16.31062591316335,4.058333333333334
2022-09-01,12.444200102494378,3.7291666666666665
2022-09-02,13.034205944589434,4.258333333333333
2022-09-03,8.977669111869108,3.6833333333333336
2022-09-04,13.285522548225435,4.508333333333333
2022-09-05,19.51603852614457,3.6625
2022-09-06,24.990174828585776,4.583333333333333
2022-09-07,22.33478976757596,NA
2022-09-08,24.41886068139173,1.765
2022-09-09,18.738159525945992,2.2
2022-09-10,14.51854854545925,1.9333333333333333
2022-09-11,13.47304167832418,1.7791666666666668
2022-09-12,17.035613098271213,2.7
2022-09-13,14.799670326119662,3.129166666666667
2022-09-14,11.1117641154241,2.954166666666667
2022-09-15,14.408499302516816,3.3875
2022-09-16,8.129261130621316,3.629166666666667
2022-09-17,7.619034535270196,3.4083333333333337
2022-09-18,7.73070065103336,4.420833333333333
2022-09-19,11.116037812075447,4.2875
2022-09-20,24.821527374412916,5.145833333333334
2022-09-21,12.657822756867008,4.645833333333333
2022-09-22,29.895587767783393,5.283333333333334
2022-09-23,27.176346029260213,4.766666666666667
2022-09-24,21.899537944146815,5.25
2022-09-25,21.221838615415873,4.2
2022-09-26,13.893974994937663,NA
2022-09-27,35.042317264671084,NA
2022-09-28,46.22459733176665,NA
2022-09-29,41.34770623812134,3.354166666666667
2022-09-30,38.991026303772315,NA
2022-10-01,27.055476019465424,NA
2022-10-02,32.33052863911194,NA
2022-10-03,44.08778459676548,NA
2022-10-04,40.05252822479562,NA
2022-10-05,26.48720040106885,NA
2022-10-06,15.81920181299091,NA
2022-10-07,12.393394587528732,NA
2022-10-08,14.748193085319675,NA
2022-10-09,8.21634577791687,NA
2022-10-10,32.70031748979099,NA
2022-10-11,20.629782468176195,NA
2022-10-15,43.04593453303342,8.191666666666666
2022-10-16,35.91008441644452,5.9875
2022-10-17,22.73994891131421,5.020833333333333
2022-10-18,29.52749742685355,4.483333333333333
2022-10-19,19.046563973080378,4.283333333333333
2022-10-20,33.417151080362196,5.1
2022-10-21,30.860070400041625,3.566666666666667
2022-10-22,11.358889964136942,2.9875
2022-10-23,13.573704614891758,6.470833333333334
2022-10-24,40.39817056210054,6.4
2022-10-25,56.56752753300495,6.625
2022-10-26,29.193882816762002,5.133333333333334
2022-10-27,46.15800939045969,5.3875
2022-10-28,19.41255668700958,3.4291666666666667
2022-10-29,16.69895393708425,4.6875
2022-10-30,21.434358027727352,6.145833333333334
2022-10-31,25.48149743311947,4.220833333333333
2022-11-01,21.139560215169077,4.3
2022-11-02,34.11792569860492,6.120833333333334
2022-11-03,37.2227355636287,7.158333333333333
2022-11-04,34.74406014340854,8.408333333333333
2022-11-05,36.51859033022211,6.070833333333334
2022-11-06,18.720348029415664,5.1
2022-11-07,29.390666436748752,4.5875
2022-11-08,53.537149114791816,8.033333333333333
2022-11-09,37.434198713964285,4.3625
2022-11-10,36.27527774100066,5.0125
2022-11-11,27.67054798778832,4.470833333333333
2022-11-12,38.88716231024668,8.833333333333334
2022-11-13,19.678548741464457,4.5625
2022-11-14,38.019152579956334,5.429166666666667
2022-11-15,28.528797627431505,4.795833333333333
2022-11-16,52.87493649049815,6.916666666666667
2022-11-17,62.4158286419772,9.054166666666667
2022-11-18,73.77512791996104,10.141666666666667
2022-11-19,55.989149943470544,8.708333333333334
2022-11-20,49.53797742315679,11.633333333333335
2022-11-21,66.10583120843324,10.475
2022-11-22,67.55049383048005,9.979166666666666
2022-11-23,60.38979245299349,8.231818181818182
2022-11-24,36.34581430088134,4.620833333333334
2022-11-25,41.343690766680396,7.45
2022-11-26,28.172560775695427,5.408333333333334
2022-11-27,24.44456400268735,5.2125
2022-11-28,39.49306625469122,5.920833333333333
2022-11-29,25.31530956925389,4.833333333333333
2022-11-30,13.0566113056277,4.504166666666666
2022-12-01,31.82739956336283,6.3125
2022-12-02,34.155372784626216,5.5166666666666675
2022-12-03,12.29310881452077,4.195833333333333
2022-12-04,6.756249596387375,3.416666666666667
2022-12-05,18.537914760974033,2.8
2022-12-06,22.336038169808116,4.5875
2022-12-07,54.71072684005474,8.520833333333334
2022-12-08,11.009892657287795,4.204166666666667
2022-12-09,8.199002761341648,4.3375
2022-12-10,35.168344702562464,10.291666666666666
2022-12-11,39.586318142105974,10.475
2022-12-12,16.755640664607963,4.0875
2022-12-13,44.71557535138601,8.483333333333333
2022-12-14,23.93414284973941,4.3
2022-12-15,26.970836065118668,5.116666666666667
2022-12-16,23.78157204117657,4.583333333333333
2022-12-17,26.50296827438685,4.775
2022-12-18,39.24558337155024,6.854166666666667
2022-12-19,28.425927123746224,5.583333333333334
2022-12-20,51.63063348977657,5.420833333333334
2022-12-21,44.653140070564334,5.716666666666667
2022-12-22,19.720227250398292,4.020833333333333
2022-12-23,37.254129488400274,5.904166666666667
2022-12-24,12.042381909996596,4.845833333333333
2022-12-25,14.904886068769219,4.4375
2022-12-26,31.23449987513213,5.316666666666667
2022-12-27,26.469974409467742,3.779166666666667
2022-12-28,19.432258094075397,4.658333333333333
2022-12-29,22.52450138641088,4.225
2022-12-30,10.201261465238563,4.1625
2022-12-31,9.79715887109511,3.4541666666666666
2023-01-01,15.415327832404193,6.783333333333333
2023-01-02,22.139572041014066,5.458333333333334
2023-01-03,45.84149570257791,6.658333333333333
2023-01-04,61.00105940298518,7.820833333333334
2023-01-05,66.20074378317445,8.833333333333334
2023-01-06,68.0846612585503,9.8625
2023-01-07,20.86972703652738,3.654166666666667
2023-01-08,7.506263296112424,3.6791666666666667
2023-01-09,10.178144599565849,5.041666666666666
2023-01-10,46.36687524530864,8.491666666666667
2023-01-11,49.864434899514514,6.858333333333333
2023-01-12,28.324394676777285,5.504166666666667
2023-01-13,18.524158377991064,4.675
2023-01-14,11.302633108357647,4.154166666666667
2023-01-15,47.023335292019404,5.2
2023-01-16,29.946948673786416,4.441666666666666
2023-01-17,31.54511915115403,6.433333333333334
2023-01-18,35.48554297637535,3.8833333333333333
2023-02-25,25.04456218823792,6.008333333333334
2023-02-26,11.819461434504708,5.508333333333334
2023-02-27,6.331098454385375,7.133333333333334
2023-02-28,24.730469019800378,5.408333333333334
2023-03-01,23.367759969056294,3.9833333333333334
2023-03-02,26.139609827405,4.025
2023-03-03,22.706761962806173,1.9130434782608696
2023-03-04,24.564010098477457,3.3958333333333335
2023-03-05,16.227186448685625,2.341666666666667
2023-03-06,20.483370713045666,3.379166666666667
2023-03-07,41.581824574487456,5.004166666666666
2023-03-08,22.56246500893996,3.541666666666667
2023-03-09,15.484461502120869,3.1875
2023-03-10,22.49177429292875,4.270833333333333
2023-03-11,12.044384340912876,3.504166666666667
2023-03-12,12.427721108410166,3.966666666666667
2023-03-13,40.56497289421821,4.733333333333333
2023-03-14,28.915207181150958,4.7625
2023-03-15,25.998552214617916,5.958333333333334
2023-03-16,26.22489010877725,6.433333333333334
2023-03-17,40.72505098575561,5.433333333333334
2023-03-18,24.338775936973125,4.708333333333333
2023-03-19,30.87566021533154,4.425
2023-03-20,27.066716615909346,4.65
2023-03-21,17.810045197019956,4.3125
2023-03-22,29.68861065515875,5.5
2023-03-23,24.799049080776363,4.4
2023-03-24,17.653420954965668,5.408333333333334
2023-03-25,23.250988470645915,5.916666666666667
2023-03-26,28.12130182710125,6.479166666666667
2023-03-27,41.94593609562087,6.329166666666667
2023-03-28,42.09070500558867,5.425
2023-03-29,35.362706345973,4.7625
2023-03-30,10.359993435831042,3.5166666666666666
2023-03-31,11.163019714491261,6.366666666666667
2023-04-01,13.220509319543668,6.041666666666667
2023-04-02,18.000754732321543,5.2041666666666675
2023-04-14,43.054488424717086,7.958333333333333
2023-04-15,30.671246194837334,8.833333333333334
2023-04-16,17.513625822310956,7.370833333333334
2023-04-17,18.94693533282004,5.229166666666667
2023-04-18,10.21048463643825,4.795833333333333
2023-04-19,21.328351689873795,4.1125
2023-04-20,12.445338322622542,3.254166666666667
2023-04-21,16.94339573345126,2.8958333333333335
2023-04-22,11.16001717067346,4.158333333333333
2023-04-23,7.947025685669125,3.6458333333333335
2023-04-24,21.394739461533458,5.258333333333334
2023-04-25,19.4097453460575,5.9625
2023-04-26,18.271778573021585,5.466666666666667
2023-04-27,60.06879836491413,12.0125
2023-04-28,25.215866531038,8.354166666666666
2023-04-29,11.07665204887175,4.2
2023-04-30,14.854906445281333,4.95
2023-05-01,14.608970082640624,5.5166666666666675
2023-05-02,9.820175501450791,5.820833333333334
2023-05-03,13.753195180860583,6.316666666666667
2023-05-04,18.782417015857913,5.058333333333334
2023-05-05,16.241148953016708,4.745833333333334
2023-05-06,12.36278998196775,5.545833333333334
2023-05-07,6.147070191265167,5.7875
2023-05-08,14.890500880700708,5.125
2023-05-09,28.157785709832417,7.9875
2023-05-10,29.085634584712302,7.275
2023-05-11,18.768022202348625,5.129166666666667
2023-05-12,16.331833503363,4.770833333333333
2023-05-13,5.205161436744917,4.441666666666666
2023-05-14,11.704039493532582,3.8833333333333333
2023-05-15,30.280465357034124,9.070833333333333
2023-05-16,22.064259476954586,6.129166666666667
2023-05-17,9.858238127828416,4.645833333333333
2023-05-18,7.360979948836209,6.1
2023-05-24,16.743601631886957,4.075
2023-05-25,9.227257813213042,4.433333333333334
2023-05-26,11.444284336966293,4.733333333333333
2023-05-27,8.187272092199958,4.370833333333334
2023-05-28,12.825342733445417,4.3875
2023-05-29,6.331458164669459,4.695833333333333
2023-05-30,12.402788550546333,2.829166666666667
2023-05-31,12.596560492282377,4.8
2023-06-01,14.80276942968226,5.383333333333334
2023-06-02,13.376117372089876,3.6833333333333336
2023-06-03,10.4381331304025,4.1375
2023-06-04,9.594781166327792,3.779166666666667
2023-06-05,17.458133375163456,4.808333333333334
2023-06-06,20.263271894051332,4.841666666666667
2023-06-07,12.295263941828916,3.995833333333333
2023-06-08,12.981097966540833,4.991666666666666
2023-06-09,12.842487930229591,4.208333333333333
2023-06-10,23.472033118982164,4.8875
2023-06-11,14.587285315866957,7.070833333333334
2023-06-12,10.330780536484042,6.433333333333334
2023-06-13,9.966898550929667,5.725
2023-06-14,7.1973279761833044,7.316666666666666
2023-06-15,18.007698276789583,6.179166666666667
2023-06-16,19.310733872249124,6.395833333333334
2023-06-17,18.594975492146958,6.033333333333334
2023-06-18,20.24895676112725,7.45
2023-06-19,37.261631580367,12.658333333333333
2023-06-20,40.75419472285661,13.9375
2023-06-21,34.52688448535287,14.8625
2023-06-22,36.69385167401775,12.720833333333333
2023-06-23,22.598124064943665,6.420833333333333
2023-06-24,24.026901794415043,6.4875
2023-06-25,9.960500314796167,3.7625
2023-06-26,13.804773644810707,4.608333333333333
2023-06-27,24.113741912980416,8.504166666666666
2023-06-28,20.513063856075835,7.979166666666667
2023-06-29,26.631527055177084,6.945833333333334
2023-06-30,21.368846873888085,6.4625
2023-07-01,7.637193972021959,5.3875
2023-07-02,4.291312574776459,2.5333333333333337
2023-07-03,11.842389286474916,3.975
2023-07-04,24.71360508165425,7.808333333333334
2023-07-05,17.583873716680085,6.791666666666667
2023-07-06,11.380174955209782,5.05
2023-07-07,17.51015907656425,7.591666666666667
2023-07-08,9.600671920188542,7.733333333333333
2023-07-09,8.583919112342626,4.420833333333333
2023-07-10,16.87227035098379,6.4125
2023-07-11,21.963393813386,9.358333333333333
2023-07-12,29.55377122881578,8.929166666666667
2023-07-13,26.307273185337085,8.520833333333334
2023-07-14,19.660124863260876,6.316666666666667
2023-07-15,15.520538914014042,4.758333333333333
2023-07-16,18.933263022930333,4.395833333333333
2023-07-17,19.472384127943876,5.333333333333334
2023-07-18,15.984163683808546,4.2
2023-07-19,12.293619298566623,3.8708333333333336
2023-07-20,9.346939104012291,4.55
2023-07-21,21.121874578216,5.729166666666667
2023-07-22,22.10301486987425,6.158333333333334
2023-07-23,11.963720053306,4.404166666666667
2023-07-24,23.887134898468165,6.704166666666667
2023-07-25,24.53580780772996,6.820833333333334
2023-07-26,18.402337147881624,6.625
2023-07-27,19.660666425019826,6.675
2023-07-28,9.254416350191958,3.775
2023-07-29,4.193294836945917,2.9583333333333335
2023-07-30,4.531823365823167,4.329166666666667
2023-07-31,22.4485485613555,6.895833333333334
2023-08-01,25.39317234205054,6.233333333333333
2023-08-02,30.829966754988206,5.7375
2023-08-03,20.65344512295226,5.445833333333334
2023-08-04,19.080347728211333,5.645833333333334
2023-08-05,9.574606475652542,4.358333333333333
2023-08-06,15.8329831668615,5.270833333333334
2023-08-07,30.526185235961414,5.854166666666667
2023-08-08,33.26206572951179,12.070833333333335
2023-08-09,26.258570793999166,7.879166666666666
2023-08-10,24.520766619621917,6.233333333333333
2023-08-11,13.324629003424782,4.583333333333333
2023-08-12,22.54152990233196,5.545833333333334
2023-08-13,22.754297694028168,6.0125
2023-08-14,24.351706930062623,6.216666666666667
2023-08-15,18.176329785986876,5.216666666666668
2023-08-16,10.890848813432333,3.479166666666667
2023-08-17,15.077134356323088,4.666666666666667
2023-08-18,16.0788994992765,4.458333333333333
2023-08-19,11.238628528356541,3.325
2023-08-20,17.00726761118954,4.270833333333333
2023-08-21,36.41446678502366,8.041666666666666
2023-08-22,37.1566698944886,6.809090909090909
2023-08-23,19.57234455865173,5.170833333333334
2023-08-24,17.84478643116571,4.9
2023-08-25,20.341880368302917,4.85
2023-08-26,13.015223093355416,5.1875
2023-08-27,12.7979443377115,3.7958333333333334
2023-08-28,30.854468488222377,5.858333333333333
2023-08-29,33.26537662821163,7.083333333333334
2023-08-30,18.868639034857623,5.066666666666667
2023-08-31,23.741133295796875,5.275
2023-09-01,19.140530920834,5.6125
2023-09-02,16.415248252432082,3.9625
2023-09-03,16.871945247528124,4
2023-09-04,13.78525582583009,6.265
2023-09-05,14.372503321168209,5.308333333333334
2023-09-06,15.595395853878916,4.245833333333334
2023-09-07,11.851175184002,3.7666666666666666
2023-09-08,10.385295726910876,3.4083333333333337
2023-09-09,8.930328980893375,4.283333333333333
2023-09-10,5.475730187013375,5.670833333333334
2023-09-11,17.74778495125308,2.575
2023-09-12,17.458532011183877,4.4125
2023-09-13,20.424849773559,4.033333333333333
2023-09-14,18.44916106014665,3.85
2023-09-15,31.3900192679425,4.970833333333333
2023-09-16,17.551299922552833,4.204166666666667
2023-09-17,14.544292664052833,3.754166666666667
2023-09-18,14.55147753026425,2.7208333333333337
2023-09-19,5.002651058783875,2.841666666666667
2023-09-20,6.295281956601392,4.959090909090909
2023-09-21,25.63796780438329,4.742105263157895
2023-09-22,25.760454072787915,3.4
2023-09-23,17.767012531143543,3.7291666666666665
2023-09-24,22.638476089224834,3.9833333333333334
2023-09-25,25.44702659772475,3.066666666666667
2023-09-26,14.928958385913877,3.9375
2023-09-27,30.17090350439525,9.891666666666666
2023-09-28,31.574094069653164,5.3875
2023-09-29,42.94681459569983,6.620833333333334
2023-09-30,23.615535648788583,5.404166666666668
2023-10-01,12.771430637869916,4.241666666666666
2023-10-02,24.211105427758543,3.1875
2023-10-03,31.951333517943667,4.758333333333333
2023-10-04,21.613652940932173,4.304166666666666
2023-10-05,20.194758967154876,4.2875
2023-10-06,20.611836104445416,3.1958333333333333
2023-10-07,18.963351200262082,4.3545454545454545
2023-10-08,15.939858734276918,4.1625
2023-10-09,25.957600009158583,2.577777777777778
2023-10-10,36.09755757176429,NA
2023-10-11,20.267018572812166,NA
2023-10-12,23.45812057154177,NA
2023-10-13,28.07106711039325,4.570833333333333
2023-10-14,22.447286809728958,4.641666666666667
2023-10-15,5.256183197205,3.716666666666667
2023-10-16,13.328589498699333,6.375
2023-10-17,43.78874797900096,8.629166666666666
2023-10-18,41.75910180433162,6.879166666666667
2023-10-19,26.649560703537958,4.15
2023-10-20,14.031130235773956,3.8958333333333335
2023-10-21,20.962328141553915,4.7125
2023-10-22,26.11344975053425,4.1875
2023-10-23,21.236544019576666,5.429166666666667
2023-10-24,43.570131799082375,8.875
2023-10-25,42.9188541480202,5.275
2023-10-26,16.707043392217138,3.6416666666666666
2023-10-27,34.27949617322196,5.291666666666667
2023-10-28,21.207921763337374,4.570833333333333
2023-10-29,23.943168213303665,4.670833333333333
2023-10-30,26.364659249467543,4.579166666666667
2023-10-31,32.417823299848585,6.108333333333333
2023-11-01,36.01314325140475,5.3
2023-11-02,59.22246432451646,5.804166666666667
2023-11-03,55.80576554241196,7.945833333333333
2023-11-04,44.85008188006984,5.004166666666666
2023-11-05,26.413519620677707,4.608333333333333
2023-11-06,35.42570016789,6.1125
2023-11-07,22.338843702042666,5.025
2023-11-08,44.689001003858664,5.8291666666666675
2023-11-09,32.88480926219595,4.333333333333333
2023-11-10,35.259621773679584,5.983333333333333
2023-11-11,43.402178624475084,6.645833333333334
2023-11-12,23.13007707822529,4.516666666666667
2023-11-13,53.72679311131754,7.7125
2023-11-14,35.07530824403426,5.058333333333334
2023-11-15,39.46989628329571,5.941666666666667
2023-11-16,19.014955648122793,3.354166666666667
2023-11-17,31.86411832566552,5.529166666666667
2023-11-18,24.418247102866545,4.233333333333333
2023-11-19,19.688088816329625,4.454166666666667
2023-11-20,34.7922977030425,6.008333333333334
2023-11-21,12.727727110756,2.654166666666667
2023-11-22,10.163087996887542,1.7625
2023-11-23,28.224411778292477,5.070833333333334
2023-11-24,41.66800464785884,8.7375
2023-11-25,30.3456490695245,6.454166666666667
2023-11-26,43.65613008564913,7.058333333333334
2023-11-27,48.72651919895687,8.5875
2023-11-28,47.48352964686692,8.104166666666666
2023-11-29,30.402742927155913,4.0625
2023-11-30,27.573549252221415,5.279166666666668
2023-12-01,31.242623197314042,4.325
2023-12-02,26.310232869870543,5.875
2023-12-03,39.284272670885585,9.925
2023-12-04,30.64291291506625,4.6375
2023-12-05,46.92588292816321,6.720833333333333
2023-12-06,15.891828478369332,4.425
2023-12-07,9.282842883629957,4.7375
2023-12-08,10.85836923250625,4.104166666666667
2023-12-09,8.627881102988333,4.804166666666666
2023-12-10,7.585736450187041,4.9125
2023-12-11,14.353671628322708,6
2023-12-12,46.10403348287259,7.266666666666667
2024-02-22,44.1120215586185,NA
2024-02-23,57.19294344074583,NA
2024-02-24,9.782520088211209,3.7865972222208333
2024-02-25,11.498659073593334,3.267361111108334
2024-02-26,20.253743929570124,4.037013888895833
2024-02-27,17.054253093985416,2.318819444441667
2024-02-28,15.401058709319958,3.2251388888916668
2024-02-29,24.27568668502475,3.5984722222208334
2024-03-01,18.5935689816045,4.964861111116667
2024-03-02,19.7350067590425,4.593194444454166
2024-03-03,28.50634701364421,4.5534722222125
2024-03-04,63.73453545631346,5.3639583333375
2024-03-05,40.542230872124705,5.06625
2024-03-06,33.16515619153975,5.746944444441667
2024-03-07,53.38372842549708,7.081597222216667
2024-03-08,36.764273290876694,6.0422916666625
2024-03-09,18.88733852555696,5.820555555566667
2024-03-10,17.342156815736875,3.9439583333333337
2024-03-11,36.37103594280017,5.2288888888875
2024-03-12,22.53939179430283,3.5325
2024-03-13,30.437798172487696,13.198902777770833
2024-03-14,38.94495411868013,16.948472222233335
2024-03-15,17.200512948982293,5.0681944444375
2024-03-16,9.938176718113708,4.982847222208333
2024-03-17,12.084951005972332,3.8063888888958335
2024-03-18,11.310691600047653,3.972638888891667
2024-03-19,42.68812338431387,5.05625
2024-03-20,36.24439259138804,4.607500000004167
2024-03-21,31.845842671671335,7.7975
2024-03-22,34.426552959221205,6.602638888883334
2024-03-23,20.31781570648075,9.741041666666666
2024-03-24,14.829995491252417,9.9489583333375
2024-03-25,24.04554158421254,4.003958333325
2024-03-26,22.550760370083665,5.901597222233334
2024-03-27,23.656919149804,7.768472222225
2024-03-28,18.81998250719575,5.150069444433334
2024-03-29,18.151628673503122,4.460347222229167
2024-03-30,6.971574477815792,5.3078472222208335
2024-03-31,12.177361351756415,6.680069444441667
2024-04-01,8.27330859785875,4.8686111111125
2024-04-02,15.3720735976155,6.643263888891667
2024-04-03,18.444667458559262,4.5943750000125
2024-04-04,24.687749486064668,11.623263888883335
2024-04-05,14.537416864531208,11.899374999995834
2024-04-06,9.887322437006375,6.624305555554168
2024-04-07,15.31962155602629,4.833125000004167
2024-04-08,20.197294851171208,4.2945833333375
2024-04-09,30.464528389285,4.333402777779168
2024-04-10,49.27255859020054,4.2844444444375
2024-04-11,32.11717085590971,6.2645833333375
2024-04-12,14.603178989579582,8.035069444445833
2024-04-13,17.299843948123165,3.3025694444458336
2024-04-14,9.830566717633584,5.8955555555625
2024-04-15,21.511139640632,7.305902777779167
2024-04-16,19.95904450000871,8.766597222229166
2024-04-17,19.4920492122115,13.95125
2024-04-18,14.925547173441041,16.457152777779164
2024-04-19,26.040807934993218,15.276736111104167
2024-04-20,18.969696128757167,13.338263888883334
2024-04-21,7.814862340197458,11.929791666658334
2024-04-22,15.434947780468082,16.740555555558334
2024-04-23,23.105330747279417,11.331736111104167
2024-04-24,21.74232877270396,10.793194444441667
2024-04-25,21.59301041090371,26.30506944445
2024-04-26,22.90249208631413,21.225138888891667
2024-04-27,15.820884172676793,11.209027777779166
2024-04-28,16.78782180652004,16.181250000004166
2024-04-29,19.98984856482246,18.88694444444583
2024-04-30,17.560583423173544,9.733819444445833
2024-05-01,15.885301414534416,5.744513888895834
2024-05-02,30.636275574706694,6.0477083333375
2024-05-03,21.147020396851293,4.240208333341666
2024-05-04,7.470391830949084,2.9172916666625
2024-05-05,8.35543292611375,5.4225
2024-05-06,14.586064375638783,13.64380382775
2024-05-07,11.800658234736792,21.276249999991666
2024-05-08,15.119072475158083,21.81909722223333
2024-05-09,7.9726641095155415,10.153750000004166
2024-05-10,17.05823597608754,6.783541666670834
2024-05-11,6.645881045289208,9.560486111116667
2024-05-12,8.21037775665475,4.061319444454167
2024-05-13,10.179932670622458,6.337222222225
2024-05-14,16.821803103808794,11.8491666666625
2024-05-15,14.87284365496475,5.9368055555625
2024-05-16,13.653134101163,10.343333333329166
2024-05-17,12.315331627324708,12.213819444445834
2024-05-18,7.971894364418583,8.3036805555625
2024-05-19,5.506245023312542,3.7456249999958335
2024-05-20,5.871009254444125,5.572430555554167
2024-05-21,11.049522288947625,7.617013888891667
2024-05-22,22.255686624607954,12.5594658119625
2024-05-23,23.55847073002875,17.486527777779166
2024-05-24,6.625356549494375,12.486666666670834
2024-05-25,8.06710223036425,8.894305555554167
2024-05-26,11.722907434628667,8.467777777775
2024-05-27,26.500307690597083,15.30125
2024-05-28,34.80173856089137,19.463680555554166
2024-05-29,24.188668945977543,16.3130555555625
2024-05-30,34.83305684664991,19.496041666666667
2024-05-31,19.146083480711876,10.610694444441666
2024-06-01,24.694596788887665,7.3342361111125
2024-06-02,18.652630257449,7.624999999991666
2024-06-03,25.754095612038334,NA
2024-06-04,12.812348279380332,NA
2024-06-05,20.329078188051433,NA
2024-06-06,21.482794419117123,NA
2024-06-07,15.107563185141,NA
2024-06-08,10.501679775828624,NA
2024-06-09,12.990478876564667,NA
2024-06-10,26.708483632511623,NA
2024-06-11,22.658118193924334,NA
2024-06-12,14.656266855016124,NA
2024-06-13,17.598059322333416,NA
2024-06-14,11.097251065678478,NA
2024-06-15,9.355076331781541,NA
2024-06-16,16.552651622675082,NA
2024-06-17,27.684587220259417,NA
2024-06-18,44.63657042887087,NA
2024-06-19,18.190547653856083,NA
2024-06-20,15.659971902288625,NA
2024-06-21,9.36125892256187,NA
2024-06-22,8.817470304344667,NA
2024-06-23,14.479075438439832,NA
2024-06-24,9.9884754246126235,NA
2024-06-25,12.91462407556652,NA
2024-06-26,5.834340392045833,NA
2024-06-27,10.34528687295,NA
2024-06-28,16.135527839733392,NA
2024-06-29,18.932913276909332,NA
2024-06-30,7.446861287726458,NA
2024-07-01,9.13950817488759,NA
2024-07-02,9.566138713485875,NA
2024-07-03,14.606600040792086,NA
2024-07-04,11.514405583628417,NA
2024-07-05,22.319432164043665,NA
2024-07-06,12.864147076632959,NA
2024-07-07,8.204096950226042,NA
2024-07-08,6.86302066600425,NA
2024-07-09,8.0203358243694165,NA
2024-07-10,10.930117453442458,NA
2024-07-11,29.348065672638416,NA
2024-07-12,15.375051409195304,NA
2024-07-13,7.120294307858167,NA
2024-07-14,10.939568212596042,NA
2024-07-15,10.949271771813084,NA
2024-07-16,21.36616105983325,NA
2024-07-17,20.808804361363,NA
2024-07-18,17.952879697219583,NA
2024-07-19,15.9517912931865,NA
2024-07-20,8.517851918497083,NA
2024-07-21,12.782603559927791,NA
2024-07-22,19.547742797702664,NA
2024-07-23,24.726019986385044,NA
2024-07-24,17.15051929194179,NA
2024-07-25,19.81281503214161,NA
2024-07-26,24.408216117196122,NA
2024-07-27,17.289770305913418,NA
2024-07-28,10.559449425466,NA
2024-07-29,10.568903454916738,NA
2024-07-30,14.010664973316,NA
2024-07-31,13.592914673906458,NA
2024-08-01,19.802263450330827,NA
2024-08-02,19.365479051410457,NA
2024-08-03,19.16483512558471,NA
2024-08-04,24.24246729517183,NA
2024-08-05,22.16305212438679,NA
2024-08-06,24.547821223958792,NA
2024-08-07,21.774222927528168,NA
2024-08-08,18.570124418719043,NA
2024-08-09,17.748379308467207,NA
2024-08-10,19.147683954706874,NA
2024-08-11,18.311625218385668,NA
2024-08-12,15.515068966607954,NA
2024-08-13,17.31571610671242,4.285347222229167
2024-08-14,20.686061094969585,5.558819444441666
2024-08-15,40.08683739624075,6.7926388888875
2024-08-16,22.94457385348921,5.558611111104168
2024-08-17,10.030863130236293,3.880416666666667
2024-08-18,14.492650897386541,3.9401388888958335
2024-08-19,17.350375068770084,4.486666666675
2024-08-20,22.73378339067775,4.3026388888875
2024-08-21,25.50416716572517,7.639751461983334
2024-08-22,29.683629602138375,5.059722222216666
2024-08-23,23.310888693959292,5.5709722222125
2024-08-24,16.584316785386875,4.565486111108333
2024-08-25,9.153217589411833,3.7099999999958335
2024-08-26,10.273700703345959,4.888194444445833
2024-08-27,8.084625204476291,5.227986111120833
2024-08-28,13.862200734635303,7.170347222225
2024-08-29,21.579506930720836,4.608888888891666
2024-08-30,27.514401098888875,5.895277777783334
2024-08-31,8.867248494038458,5.289652777783334
2024-09-01,10.950447970082958,10.599444444441666
2024-09-02,19.242643268572333,7.296944444441667
2024-09-03,19.44205946822952,4.472916666666666
2024-09-04,9.636765993001333,5.100902777779167
2024-09-05,7.647958762677458,5.701319444441666
2024-09-06,6.465261375005208,3.786527777775
2024-09-07,11.741171239398167,4.526180555558334
2024-09-08,19.764684746230625,9.92
2024-09-09,28.782484114683708,12.572013888891666
2024-09-10,16.766971348512435,11.0868055555625
2024-09-11,19.745260179564543,5.4843055555625
2024-09-12,11.162287878709709,4.403819444445833
2024-09-13,14.90560929211825,4.7351388888958335
2024-09-14,6.260621766894,4.090763888895833
2024-09-15,21.604723242498082,4.434097222229167
2024-09-16,23.83141461800525,4.691736111108334
2024-09-17,11.56046913243979,3.235486111116667
2024-09-18,8.382944513819542,3.574791666666667
2024-09-19,8.56651743246225,4.023194444445833
2024-09-20,12.256647386239827,3.283333333325
2024-09-21,16.256868887813166,3.790763888879167
2024-09-22,13.813020880343084,2.7588194444375
2024-09-23,25.315177145075168,2.9548611111125
2024-09-24,18.734440574859832,2.6941666666708333
2024-09-25,30.144870338896542,3.5342361111083336
2024-09-26,19.925922605345832,3.9330555555583335
2024-09-27,26.446322487095433,4.918888888891667
2024-09-28,23.304522791945207,5.033541666670834
2024-09-29,12.883430540449417,4.5984722222166665
2024-09-30,18.533031087171377,3.0232638888875
2024-10-01,10.882049077818543,4.3731249999958335
2024-10-02,20.477265370487096,3.741597222220834
2024-10-03,18.72498328731829,3.9038194444541667
2024-10-04,21.006089069563583,3.6490972222083333
2024-10-05,12.946659072152416,3.6002083333375
2024-10-06,18.100113511457415,4.100347222225
2024-10-07,26.39384005198875,3.9856944444458335
2024-10-08,14.692849577788166,3.3738888888833336
2024-10-09,16.138562198284625,2.511597222225
2024-10-10,11.148760865426523,5.039791666666667
2024-10-11,20.005303074598707,3.3413888888791665
2024-10-12,6.4213793369992915,4.248124999991667
2024-10-13,5.5912876104770834,4.420972222229167
2024-10-14,13.089789075399667,4.6377777777833336
2024-10-15,16.576420796236206,3.416041666666667
2024-10-16,14.166293503505416,3.6141666666666667
2024-10-17,10.819055614463208,3.35694444445
2024-10-18,10.509140156151346,4.761805555558333
2024-10-19,29.613785981855,6.284097222220833
2024-10-20,15.114968500878417,3.1320833333375
2024-10-21,22.748438050311083,2.584791666654167
2024-10-22,16.637631410233375,4.774375
2024-10-23,23.026858484813125,4.5056944444416676
2024-10-24,18.92803865804139,4.594861111108333
2024-10-25,6.453856991682417,4.77618055555
2024-10-26,11.829989427084707,5.167708333320833
2024-10-27,7.01815876834275,2.9688888888875
2024-10-28,10.17044925450375,3.7864583333333335
2024-10-29,12.680057913274165,2.3826388888875
2024-10-30,21.808099051391125,4.932916666670834
2024-10-31,18.168287082629416,3.1390972222208338
2024-11-01,40.80621882446805,5.880972222225
2024-11-02,14.25022753922025,3.790833333329167
2024-11-03,17.553855248642208,4.379236111116667
2024-11-04,35.08612127070829,3.9715277777833333
2024-11-05,19.71056610093925,4.013958333333333
2024-11-06,17.347242848723916,3.50618055555
2024-11-07,13.960566009913707,5.154722222220833
2024-11-08,7.338721055169174,5.3782638888875
2024-11-09,11.892906073558667,5.6467361111125
2024-11-10,6.686368840097917,3.6748611111208334
2024-11-11,18.85613081699725,5.321666666670834
2024-11-12,9.543360981212667,2.039513888891667
2024-11-13,6.3896785986354585,2.71055555555
2024-11-14,6.726029770121625,5.04875
2024-11-15,30.50362268265883,3.436458333329167
2024-11-16,17.187992752986666,2.7674305555541667
2024-11-17,14.354764562315209,4.574722222220833
2024-11-18,34.968461566319,4.676041666666667
2024-11-19,17.573384078006292,4.8575694444375
2024-11-20,34.794406509467166,7.134652777779167
2024-11-21,25.509047240638214,3.4237500000083334
2024-11-22,13.003442844236377,1.891666666675
2024-11-23,14.105013577016877,4.1379861111125
2024-11-24,21.351641397997163,3.9789583333291674
2024-11-25,33.800870178339125,4.2779861111125
2024-11-26,25.58941589400296,3.9379861111083336
2024-11-27,18.019534316173,4.892777777779167
2024-11-28,13.016575338092041,2.0345138888916665
2024-11-29,8.443523017876833,4.571458333333333
2024-11-30,16.674519625623624,3.0446527777833334
2024-12-01,13.186587814876543,1.8494444444458336
2024-12-02,24.231319706757084,3.8654166666708334
2024-12-03,28.549767646822207,5.1262500000083335
2024-12-04,26.874693931012708,3.2389583333375
2024-12-05,23.67947975702074,3.3047916666625
2024-12-06,20.685262091338668,3.359583333333333
2024-12-07,9.022924636843166,3.4098611111208332
2024-12-08,11.6709058883055,5.139236111108334
2024-12-09,6.058314357581875,2.1695833333333336
2024-12-10,17.98524115741879,6.821127214169565
2024-12-11,12.093721875604917,4.8411594203
2024-12-12,30.282041952233,4.849305555554166
2024-12-13,52.604887252239905,4.800416666666667
2024-12-14,20.82658768943729,3.540625
2024-12-15,11.523914708156124,1.6962499999958334
2024-12-16,28.687859568245205,5.8776388888875
2024-12-17,18.63824059244125,4.692013888895833
2024-12-18,44.87533496957354,7.335833333329167
2024-12-19,15.096215455577667,3.362569444445833
2024-12-20,27.13821576631661,4.72868055555
2024-12-21,31.233862716478377,5.644027777766667
2024-12-22,23.112614666950332,5.1007638888875
2024-12-23,43.19753611928383,6.533819444445834
2024-12-24,11.297296321257166,3.26125
2024-12-25,3.6765475627130835,5.9056944444375
2024-12-26,7.170650200346,5.2082638888875
2024-12-27,18.396298650137567,5.444375
2024-12-28,12.601108187814123,2.6559722222208335
2024-12-29,10.945376648305876,1.9993750000041668
2024-12-30,7.3566966673139165,5.401597222225
2024-12-31,12.686069543004958,4.3346527777791675
2025-01-01,23.5441428688965,6.1619444444375
2025-01-02,34.60445674141458,5.801736111104168
2025-01-03,17.913321749573125,4.154652777783333
2025-01-04,33.016517097849956,5.466249999995833
2025-01-05,22.471257237268336,4.996875
2025-01-06,36.98476254747941,5.6629861111125
2025-01-07,53.323500695956,7.792777777779167
2025-01-08,50.41912302125613,6.993194444445834
2025-01-09,39.17619854904025,5.978680555558333
2025-01-10,11.566564319550261,4.912916666666667
2025-01-11,12.457010659996541,5.3674305555625
2025-01-12,21.657087380101583,NA
2025-01-15,9.455392356757637,NA
2025-01-16,11.336269773815333,NA
2025-01-17,10.246586578100876,NA
2025-01-18,11.850191046964826,NA
2025-01-19,7.937913720891,NA
2025-01-20,46.36693715195967,NA
2025-01-21,26.572563164287708,NA
2025-01-22,11.907052802323916,NA
2025-01-23,11.657787672543417,NA
2025-01-25,24.04099396831983,NA
2025-01-26,20.77810500044929,NA
2025-01-27,43.8181221219327,NA
2025-01-28,22.21663888503054,NA
2025-01-29,25.821275305048914,NA
2025-01-30,48.45152823355626,NA
2025-01-31,19.83170802807583,NA
2025-02-01,32.84956017131617,NA
2025-02-02,15.31843020952254,NA
2025-02-03,7.68512271998475,NA
2025-02-04,8.401014792176333,NA
2025-02-05,7.937048715451292,NA
2025-02-06,11.691453913812124,NA
2025-02-07,8.438363361184479,NA
2025-02-08,15.833875462954209,NA
2025-02-09,7.849275811578625,NA
2025-02-10,11.264109793885376,NA
2025-02-11,10.516786563499457,NA
2025-02-12,28.553449791871877,NA
2025-02-13,38.436918009286416,NA
2025-02-14,23.970156259666737,NA
2025-02-15,13.754285484886541,NA
2025-02-16,26.714171026237125,NA
2025-02-17,23.721028991725376,NA
2025-02-18,22.68223381854954,NA
2025-02-19,18.568554101984624,NA
2025-02-20,11.8573616617635,NA
2025-02-21,19.69687112456225,NA
2025-02-22,15.63833939462704,NA
2025-02-23,7.227853963062125,NA
2025-02-24,23.403661970868416,NA
2025-02-25,17.281710253580293,NA
2025-02-26,45.64170008798662,NA
2025-02-27,13.874400230656041,NA
2025-02-28,32.85860960120539,NA
2025-03-01,13.824927590991877,NA
2025-03-02,17.43160476990471,NA
2025-03-03,23.97061922114154,NA
2025-03-04,33.18406565510471,NA
2025-03-05,37.02097522893654,NA
2025-03-06,18.396905074456622,NA
2025-03-07,30.612397177153042,NA
2025-03-08,18.603745376442376,NA
2025-03-09,15.989132116223209,NA
2025-03-10,24.282825188294083,NA
2025-03-11,39.51405378704858,NA
2025-03-12,33.688557876605294,NA
2025-03-13,9.784929092765918,NA
2025-03-14,18.999842001775175,NA
2025-03-15,7.986946289894042,NA
2025-03-16,14.754648715970877,NA
2025-03-17,33.687830845323795,NA
2025-03-18,17.8223296105985,NA
2025-03-19,19.896285379909333,4.108611111108333
2025-03-20,27.78615224356271,4.3611111111125
2025-03-21,15.732557207380909,3.3696527777708334
2025-03-22,6.932743086967042,4.552222222225
2025-03-23,13.408365837683876,7.746005392918182
2025-03-24,16.015856604704567,NA
2025-03-25,14.699508046528429,NA
2025-03-26,23.081821039148544,NA
2025-03-27,28.97480508863326,NA
2025-03-28,25.809598143420793,NA
2025-03-29,21.4782259190775,NA
2025-04-03,17.463769768992123,NA
2025-04-04,9.349782936808564,NA
2025-04-05,10.48758306626275,NA
2025-04-06,12.179399128528084,NA
2025-04-07,17.428442825189084,NA
2025-04-08,6.549929899564709,NA
2025-04-09,11.22567823782875,NA
2025-04-10,15.448183121592375,NA
2025-04-11,16.107410055484262,NA
2025-04-12,13.973144897344334,NA
2025-04-13,14.286071648518542,NA
2025-04-14,7.874042884989208,NA
2025-04-15,19.350671124790082,NA
2025-04-16,33.712553770365666,NA
2025-04-17,24.853135969239,NA
2025-04-18,13.24872594749925,NA
2025-04-19,7.311364030132084,NA
2025-04-20,6.618182198628792,NA
2025-04-21,8.556692712092792,NA
2025-04-22,22.692886802460666,NA
2025-04-23,16.221057656641392,NA
2025-04-24,14.388982260089083,NA
2025-04-25,11.24304666066975,NA
2025-04-26,6.55244320418975,NA
2025-04-27,5.678397652916458,NA
2025-04-28,10.080595396845084,NA
2025-04-29,11.773763624486541,NA
2025-04-30,10.204902858476455,NA
2025-05-01,8.1350235229585,NA
2025-05-02,11.536034867420833,NA
2025-05-03,5.100996151716666,NA
2025-05-04,7.230658293883333,NA
2025-05-05,17.242864352395834,NA
2025-05-06,12.509775085320834,NA
2025-05-07,16.935589374083335,NA
2025-05-08,15.713169908533333,NA
2025-05-09,13.198382444626434,NA
2025-05-10,8.843590025613292,NA
2025-05-11,6.232104315331125,NA
2025-05-12,13.457242410771459,NA
2025-05-13,20.624460926898543,NA
2025-05-14,19.43798929074554,NA
2025-05-15,12.836863467338917,NA
2025-05-16,11.796639051684,NA
2025-05-17,8.2640032973655,NA
2025-05-18,6.404908766934417,NA
2025-05-19,9.872860040400333,NA
2025-05-20,7.556464095675625,NA
2025-05-21,5.034112090723166,NA
2025-05-22,10.526060693349793,6.467916666658334
2025-05-23,12.71369477308074,6.1400694444458335
2025-05-24,17.988254587879958,5.744652777779167
2025-05-25,7.1266182916275,4.107847222229167
2025-05-26,24.4863607680425,6.391666666666667
2025-05-27,19.588942614790042,4.958888888891667
2025-05-28,12.251193139844082,4.961736111108333
2025-05-29,9.865015133682377,4.979930555545834
2025-05-30,12.083453286881543,5.319861111104166
2025-05-31,8.184138821669709,4.8263194444541675
2025-06-01,11.166023148913208,3.987847222220833
2025-06-02,14.456552376617651,4.277013888891667
2025-06-03,16.68501109324975,4.880763888891667
2025-06-04,30.186171686883043,5.859513888891668
2025-06-05,30.521923839871707,6.858611111116667
2025-06-06,14.176338421223782,6.31125
2025-06-07,15.40799119751425,4.8349305555583335
2025-06-08,13.182906487298917,4.08805555555
2025-06-09,10.595704926210376,4.151874999995834
2025-06-10,23.982303952203125,5.127499999995834
2025-06-11,17.845963497005336,5.116458333329167
2025-06-12,11.38198892922154,4.3706944444375
2025-06-13,16.612820163922347,4.030277777770833
2025-06-14,5.701342567370292,6.924374999995834
2025-06-15,7.78895731650575,4.047083333333333
2025-06-16,19.024739736529042,NA
2025-06-17,22.283487955592708,6.808194444445834
2025-06-18,16.253592996994,5.148611111108334
2025-06-19,9.170047601907166,4.356944444441667
2025-06-20,14.810780711675738,4.094722222220834
2025-06-21,8.356945219905208,4.4180555555625
2025-06-22,8.308007429463332,3.0902777777875
2025-06-23,17.96600527371579,4.5979861111166676
2025-06-24,15.8734498845735,5.685833333325
2025-06-25,23.881264792662417,6.733124999995833
2025-06-26,13.547329731582682,5.1621527777916665
2025-06-27,17.60305092379833,4.807569444441667
2025-06-28,10.327565818794707,4.727013888895834
2025-06-29,14.286928138302834,5.841041666670834
2025-06-30,11.518785177776124,6.1342361111125
2025-07-01,15.557667822829291,5.2219444444375
2025-07-02,11.209790446048666,5.556875000004167
2025-07-03,13.480434578433876,5.0682638888875
2025-07-04,15.803363935272651,4.491666666666666
2025-07-05,10.104178798386583,3.618333333333333
2025-07-06,7.955338325275792,4.295624999991667
2025-07-07,8.056559450866667,4.5405555555625
2025-07-08,11.407345088325833,5.0199305555625
2025-07-09,12.1447841228125,5.087152777783333
2025-07-10,14.2489080554005,5.8075
2025-07-11,15.190970894427583,5.829722222220834
2025-07-12,13.390183400601542,5.832152777779167
2025-07-13,9.014313343238,5.33118055555
2025-07-14,14.953255175702376,5.607173913039131
2025-07-15,13.042617383361291,5.252569444445833
2025-07-16,13.710547937266458,7.139375
2025-07-17,17.70285038467596,6.8905555555625
2025-07-18,8.35448188840875,7.460972222220834
2025-07-19,13.85958709459025,7.317638888883334
2025-07-20,25.233645525783874,7.9640277777875
2025-07-21,19.021606303473707,6.492222222216667
2025-07-22,14.262231979395088,6.689097222225
2025-07-23,9.352918574738833,3.2884722222125
2025-07-24,15.398493123410917,5.9404166666625
2025-07-25,22.702329856220626,6.100138888891666
2025-07-26,8.062194123872874,6.6157638888833334
2025-07-27,11.884320150571043,4.560902777775
2025-07-28,13.894373208356166,4.658125000004167
2025-07-29,17.91907814460325,5.682847222233334
2025-07-30,17.727471676294,5.245138888891667
2025-07-31,23.253279405550334,8.471736111116668
2025-08-01,28.989511149691868,9.206388888879166
2025-08-02,18.05510444419225,8.336666666675
2025-08-03,14.302428266805583,5.200763888883333
2025-08-04,13.402060820015585,4.864234800825
2025-08-05,15.767513015109124,5.281458333341667
2025-08-06,13.81737581600879,3.8883333333333336
2025-08-07,10.484377648164457,4.679930555554167
2025-08-08,15.307818407129377,5.450902777775
2025-08-09,17.06614841762008,4.953611111104167
2025-08-10,16.879487373246917,5.554236111104167
2025-08-11,15.411317965324564,3.9970833333291664
2025-08-12,22.8179024398955,5.181874999991667
2025-08-13,20.830130847145377,4.790694444445833
2025-08-14,11.223520409614666,4.319861111108334
2025-08-15,13.871092078883354,2.9438888888916668
2025-08-16,7.807382099286891,3.785138888891667
2025-08-17,7.207159451359034,3.4873611111083336
2025-08-18,13.30537066700403,2.5821527777708337
2025-08-19,11.34988551442505,3.812847222220834
2025-08-20,17.15635298768579,3.127013888895833
2025-08-21,8.958175249671752,3.0966666666666667
2025-08-22,14.369593354776576,3.3870138888875
2025-08-23,10.67536840812133,3.7352083333333335
2025-08-24,13.235081812678382,4.269305555554166
2025-08-25,21.990287710981452,4.59819444445
2025-08-26,12.867561108340972,3.608125
2025-08-27,17.402123734294214,4.033888888891667
2025-08-28,12.72613426181324,3.962291666670833
2025-08-29,14.58434014127501,3.956388888883333
2025-08-30,22.03740379323581,5.196041666658333
2025-08-31,20.565353757543924,5.292847222229167
2025-09-01,19.49344713658388,5.566388888895834
2025-09-02,26.39622302027411,7.517083333333334
2025-09-03,23.706653532502564,6.802638888883334
2025-09-04,22.84433662647456,4.436811594208696
2025-09-05,15.024595295483595,5.893958333333333
2025-09-06,17.05517301991457,5.539375000004167
2025-09-07,21.474639323862828,4.642708333320834
2025-09-08,26.06981234936323,6.380486111104166
2025-09-09,24.161457814350268,6.686249999991667
2025-09-10,23.402795032502823,5.613402777779167
2025-09-11,27.62777117973917,6.793402777783334
2025-09-12,11.398600203780607,6.151319444454167
2025-09-13,21.691791132024807,4.2770138888875
2025-09-14,12.934229702605633,3.3726388888833334
2025-09-15,22.977467173109435,3.554652777791667
2025-09-16,23.289621230410916,4.025972222216668
2025-09-17,21.46929425153067,4.348055555558334
2025-09-18,14.108703942665747,3.1786805555625
2025-09-19,20.6869014451398,3.6834722222208334
2025-09-20,26.297995221686154,3.9257638889
2025-09-21,11.469247459399085,2.75625
2025-09-22,8.612524828749331,3.5242361111125
2025-09-23,16.26460049594343,3.861597222225
2025-09-24,9.121011638417528,2.976458333329167
2025-09-25,7.34574478802251,4.517638888891668
2025-09-26,11.884582350642837,4.733263888895833
2025-09-27,17.23297867431302,4.4542361111041675
2025-09-28,23.995850260050574,4.873472222229167
2025-09-29,21.55932550951335,4.727083333333333
2025-09-30,19.171867588538298,4.553888888895833
2025-10-01,27.572057273709703,5.0002083333375
2025-10-02,12.776783043457213,3.113750000004167
2025-10-03,19.021323527510216,4.080138888883334
2025-10-04,8.463140014676299,3.8103472222208334
2025-10-05,6.336553561152721,4.899722222208334
2025-11-18,34.8104147950956,4.295833333333333
2025-11-19,33.01885770184683,4.436597222225
2025-11-20,31.136489488778718,4.089583333325
2025-11-21,26.973797747972114,3.5838194444375
2025-11-22,41.40016036373876,6.887152777775
2025-11-23,28.359048432696373,4.3193749999958335
2025-11-24,17.74190674226902,3.1644444444458335
2025-11-25,20.083036700885557,3.208750000004167
2025-11-26,24.39508645356392,3.0075000000041667
2025-11-27,19.462473244732433,3.0239583333458335
2025-11-28,40.67423079717693,5.021875
2025-11-29,36.20479993400912,4.7242361111
2025-11-30,16.115713255305074,4.8734722222125
2025-12-01,28.183203798559212,4.180555555554167
2025-12-02,65.20416985748814,7.737361111116667
2025-12-03,54.791511514528175,5.194444444441667
2025-12-04,44.392433763639005,5.5780555555583335
2025-12-05,57.84088125978128,5.869652777775
2025-12-06,48.04681150492407,5.25256944445
2025-12-07,34.629363999530675,4.420972222229167
2025-12-08,43.54554818938825,4.9972916666625
2025-12-09,29.215079570533444,4.2747916666625
2025-12-10,12.869307059626085,3.71305555555
2025-12-11,50.498885039244065,8.0876388889
2025-12-12,58.534730561592845,7.258611111108333
2025-12-13,14.023364622976668,2.3406944444458335
2025-12-14,6.682629705337949,2.0817361111125
2025-12-15,22.43951868935073,4.139375000004167
2025-12-16,24.498933801363783,4.408680555554167
2025-12-17,35.84455562859719,3.8584027777833336
2025-12-18,59.2975929774617,4.261319444445833
2025-12-19,31.000759501273933,3.8231249999958337
2025-12-20,41.73059688571093,5.468819444441667
2025-12-21,32.56380830023341,4.855208333329167
2025-12-22,24.816463121839764,3.5746527777875
2025-12-23,18.917091552441075,2.803472222225
2025-12-24,7.6391421943440285,2.2005555555583336
2025-12-25,8.764803065963026,8.112152777766667
2025-12-26,8.661176013917297,4.832222222225
2025-12-27,8.57311496599171,4.572013888891666
2025-12-28,10.022608087529717,2.6168750000083336
2025-12-29,10.552419294412632,4.8002777777666665
